201604,美联天骄城,长沙,2500,2500,94平米,芙蓉区-马王堆,113.0364,28.18278,美联天骄城租房(美联天骄城精装两房，小温馨，家电齐全。)
201604,仁和.香堤雅境,长沙,3000,3000,125平米,芙蓉区-芙蓉区政府,113.0357,28.19335,仁和.香堤雅境租房(芙蓉区政府 仁和.香堤雅境 临近地铁口)
201604,钰龙天下佳园,长沙,2500,2500,115平米,岳麓区-金星大道,112.9395,28.252,钰龙天下佳园租房(长郡双语实验中学附近)
201604,香麓丽舍,长沙,1500,1500,50平米,岳麓区-银盆岭,112.9587,28.22847,香麓丽舍租房(银盆岭奥克斯香麓丽舍精装一房 )
201604,世茂.铂翠湾,长沙,2500,2500,100平米,岳麓区-滨江新城,112.9794,28.21348,世茂.铂翠湾租房(银盆岭世茂 居家精装大三房 家电齐全)
201604,钰龙天下佳园,长沙,3400,3400,152平米,岳麓区-金星大道,112.9395,28.252,钰龙天下佳园租房(长郡双语实验中学附近)
201604,钰龙天下佳园,长沙,1800,1800,86平米,岳麓区-金星大道,112.9395,28.252,钰龙天下佳园租房(豪华装修，学区房，自己都想住)
201604,钰龙天下佳园,长沙,2500,2500,101平米,岳麓区-金星大道,112.9395,28.252,钰龙天下佳园租房(长郡双语中学附近)
201604,咸嘉新村.嘉旺苑,长沙,2000,2000,136平米,岳麓区-桐梓坡路,0,0,咸嘉新村.嘉旺苑租房(咸嘉新村.嘉旺苑 环境优雅 交通方便)
201604,润泽园,长沙,1600,1600,55平米,天心区-白沙路,112.9319,28.2198,润泽园租房(润泽园 交通方便 环境优雅 设施齐全)
201604,美林银谷,长沙,2200,2200,116平米,岳麓区-市政府,112.9359,28.2635,美林银谷租房(美林银谷 交通方便 环境优雅 设施齐全)
201604,郡原广场,长沙,3600,3600,147平米,岳麓区-桐梓坡路,112.9359,28.2635,郡原广场租房(郡原广场 交通方便 环境优雅 设施齐全)
201604,丽星景园,长沙,2100,2100,128.8平米,雨花区-赤岗冲,113.0361,28.16341,丽星景园租房(大三房，东塘商圈，适合员工宿舍！)
201604,沁园春御院,长沙,1450,1450,42平米,岳麓区-桐梓坡路,112.936,28.22405,沁园春御院租房(沁园春御院 交通方便 环境优雅 设施齐全)
201604,名都花园,长沙,3300,3300,182平米,雨花区-东塘,113.0092,28.16998,名都花园租房(名都花园，豪华装修，拎包随时入住)
201604,牛角塘社区,长沙,1500,1500,65平米,雨花区-东塘,112.9794,28.21348,牛角塘社区租房(正东塘商圈，免物业费！拎包入住)
201604,西湘郡邸（兰卡威国际公寓）,长沙,1400,1400,36平米,岳麓区-银盆岭,112.9603,28.23149,西湘郡邸（兰卡威国际公寓）租房(岳麓区奥克斯广场旁一室一厅拎包即住)
201604,奥克斯广场,长沙,1600,1600,80平米,岳麓区-银盆岭,112.9607,28.23152,奥克斯广场租房(岳麓区奥克斯广场旁两房超值性价比)
201604,恒大华府,长沙,1400,1400,36平米,岳麓区-银盆岭,112.9408,28.24252,恒大华府租房(岳麓区市政府麦德龙旁一室一厅家具齐全)
201604,上河国际上城公寓（F区）,长沙,1600,1600,61平米,芙蓉区-其他,113.03546,28.18276,上河国际上城公寓（F区）租房(上河国际 精装一房 家电齐全 拎包入住)
201604,旭辉藏郡,长沙,2600,2600,100平米,岳麓区-金星大道,0,0,旭辉藏郡租房(旭辉藏郡 环境好  不用过马路)
201604,卓越.蔚蓝海岸,长沙,1200,1200,90平米,岳麓区-市政府,112.9355,28.2425,卓越.蔚蓝海岸租房(钰龙天下 优质低价好房 等你来租)
201604,卓越.蔚蓝海岸,长沙,3500,3500,133平米,岳麓区-市政府,112.9355,28.2425,卓越.蔚蓝海岸租房(卓越.蔚蓝海岸 精装四房 卓越居住感受~)
201604,卓越.蔚蓝海岸,长沙,2100,2100,91平米,岳麓区-市政府,112.9355,28.2425,卓越.蔚蓝海岸租房(卓越好房  好房不等人，快定下来)
201604,卓越.蔚蓝海岸,长沙,1800,1800,67平米,岳麓区-市政府,112.9355,28.2425,卓越.蔚蓝海岸租房(钰龙天下 优质好房 随时可能被租)
201604,卓越.蔚蓝海岸,长沙,1700,1700,92平米,岳麓区-市政府,112.9355,28.2425,卓越.蔚蓝海岸租房(卓越.蔚蓝海岸  优质好房 等你来租)
201604,卓越.蔚蓝海岸,长沙,1800,1800,93平米,岳麓区-市政府,112.9355,28.2425,卓越.蔚蓝海岸租房(卓越蔚蓝海岸 精装两房 温馨舒适的家)
201604,恒大华府,长沙,1480,1480,38平米,岳麓区-银盆岭,112.9408,28.24252,恒大华府租房(岳麓区市政府麦德龙旁单身租户的选择)
201604,新兴北京御园,长沙,2200,2200,88平米,岳麓区-市政府,112.9555,28.24721,新兴北京御园租房(岳麓区市政府长郡麦德龙旁精装小三房)
201604,绿地中央广场,长沙,2600,2600,96.6平米,岳麓区-银盆岭,112.9228,28.22827,绿地中央广场租房(岳麓区绿地中央广场繁华地段)
201604,天骄福邸,长沙,2000,2000,80平米,岳麓区-市政府,0,0,天骄福邸租房(岳麓区市政府旁精装两房)
201604,咸嘉新村.嘉明苑,长沙,2400,2400,127平米,岳麓区-桐梓坡路,0,0,咸嘉新村.嘉明苑租房(岳麓区步步高王府井旁地段优质高性价比三房)
201604,新兴北京御园,长沙,2000,2000,79平米,岳麓区-市政府,112.9555,28.24721,新兴北京御园租房(北京御园 精装两房 首次出租 优质)
201604,高信向日葵园,长沙,2300,2300,90平米,岳麓区-市政府,112.9345,28.22215,高信向日葵园租房(岳麓区市政府步步高旁精装小三房拎包即住)
201604,新兴北京御园,长沙,1900,1900,88平米,岳麓区-市政府,112.9555,28.24721,新兴北京御园租房(北京御园 精致3房 好房等您来租)
201604,恒大华府,长沙,1800,1800,82平米,岳麓区-银盆岭,112.9408,28.24252,恒大华府租房(恒大华府 这个价格~  环境就是棒)
201604,钰龙天下佳园,长沙,800,800,79平米,岳麓区-金星大道,112.9395,28.252,钰龙天下佳园租房(钰龙 800一月 毛坯靠马路 （仓库好房)
201604,钰龙天下佳园,长沙,2300,2300,124平米,岳麓区-金星大道,112.9395,28.252,钰龙天下佳园租房(长郡陪读房 家具电器齐全 4台空调 )
201604,钰龙天下佳园,长沙,1800,1800,78平米,岳麓区-金星大道,112.9395,28.252,钰龙天下佳园租房(岳麓区市政府麦德龙旁精装两房)
201604,绿地中央广场,长沙,2300,2300,69平米,岳麓区-银盆岭,112.9228,28.22827,绿地中央广场租房(岳麓区绿地中央广场精装两房居家的选择)
201604,西京公寓(永祺国际),长沙,3500,3500,90平米,岳麓区-桐梓坡路,112.9383,28.22824,西京公寓(永祺国际)租房(岳麓区豪华装修小三房【高端人士的选择】)
201604,郡原广场,长沙,2200,2200,70平米,岳麓区-桐梓坡路,112.9359,28.2635,郡原广场租房(岳麓区王府井步步高旁精装两房【居家选择】)
201604,西城龙庭,长沙,1400,1400,40平米,岳麓区-市政府,112.9393,28.23047,西城龙庭租房(岳麓区步步高王府井旁优质地段性价比高)
201604,美联天骄城,长沙,1600,1600,57平米,芙蓉区-马王堆,113.0364,28.18278,美联天骄城租房(美联天娇城 精装一房 家电齐全 先抢先得)
201604,绿地中央广场,长沙,2680,2680,96平米,岳麓区-银盆岭,112.9228,28.22827,绿地中央广场租房(岳麓区绿地精装三房性价比高【居家优选】)
201604,恒大华府,长沙,2000,2000,90平米,岳麓区-银盆岭,112.9408,28.24252,恒大华府租房(岳麓区市政府麦德龙旁小三房拎包即住)
201604,郡原广场,长沙,3400,3400,130平米,岳麓区-桐梓坡路,112.9359,28.2635,郡原广场租房(岳麓区王府井步步高旁地段优质上班居家选择)
201604,橘洲新苑,长沙,2000,2000,108平米,岳麓区-其他,112.95567,28.24158,橘洲新苑租房(岳麓区市政府精装三房家具齐全拎包即住)
201604,恒大华府,长沙,2000,2000,92平米,岳麓区-银盆岭,112.9408,28.24252,恒大华府租房(岳麓区市政府恒大华府超值三房低价豪装拎包)
201604,西雅公寓,长沙,1750,1750,52平米,岳麓区-湘雅三医院,0,0,西雅公寓租房(岳麓区步步高旁正规一室一厅精装拎包即住)
201604,湖韵佳苑,长沙,1500,1500,60平米,岳麓区-市政府,112.9544,28.21371,湖韵佳苑租房(岳麓区精装正规一室一厅拎包即住【店长推荐)
201604,东上一品,长沙,1400,1400,40平米,雨花区-东塘,113.0011,28.17675,东上一品租房(新建地铁口，平和堂附近，精致单身公寓)
201604,阿普阿布,长沙,3600,3600,106平米,岳麓区-市政府,0,0,阿普阿布租房(阿普阿布 环境优雅 交通方便 设施齐全)
201604,东上一品,长沙,2100,2100,60平米,雨花区-东塘,113.0011,28.17675,东上一品租房(平和堂商城旁，东上一品单身公寓！)
201604,瑞府,长沙,1800,1800,50平米,雨花区-东塘,113.0202,28.14644,瑞府租房(酒店式高档精装公寓，拎包随时入住！)
201604,东上一品,长沙,1600,1600,43平米,雨花区-东塘,113.0011,28.17675,东上一品租房(正东塘商圈，居家精致装修，拎包入住)
201604,阿普阿布,长沙,2500,2500,90平米,岳麓区-市政府,0,0,阿普阿布租房(阿普阿布 环境优雅 交通方便 房子大气)
201604,海华嘉园,长沙,3000,3000,130平米,雨花区-东塘,113.004,28.17413,海华嘉园租房(东塘步步高对面，大三房，随时入住！)
201604,丽星景园,长沙,2300,2300,80平米,雨花区-赤岗冲,113.0361,28.16341,丽星景园租房(高档精致装修，居家适宜，入住方便)
201604,高鑫·麓城,长沙,2200,2200,120平米,岳麓区-桐梓坡路,112.9336,28.22793,高鑫·麓城租房(高鑫·麓城 小区环境优雅设施齐全交通方便)
201604,咸嘉新村.嘉兴苑,长沙,2100,2100,115平米,岳麓区-桐梓坡路,0,0,咸嘉新村.嘉兴苑租房(咸嘉新村.嘉兴苑 交通方便 离步步高近)
201604,高鑫·麓城,长沙,2200,2200,90平米,岳麓区-桐梓坡路,112.9336,28.22793,高鑫·麓城租房(高鑫·麓城 小区环境优雅 交通方便设施齐)
201604,东上一品,长沙,2200,2200,57平米,雨花区-东塘,113.0011,28.17675,东上一品租房(正东塘商圈，拎包随时入住，方便舒适)
201604,西湘郡邸（兰卡威国际公寓）,长沙,2100,2100,78平米,岳麓区-银盆岭,112.9603,28.23149,西湘郡邸（兰卡威国际公寓）租房(岳麓区奥克斯广场旁精装三房居家的选择)
201604,沁园春御院,长沙,2300,2300,87平米,岳麓区-桐梓坡路,112.936,28.22405,沁园春御院租房(岳麓区步步高王府井旁超优地段超性价比)
201604,钰龙天下佳园,长沙,1700,1700,78平米,岳麓区-金星大道,112.9395,28.252,钰龙天下佳园租房(岳麓区市政府麦德龙旁精装两房超性价比)
201604,钰龙天下佳园,长沙,1800,1800,85平米,岳麓区-金星大道,112.9395,28.252,钰龙天下佳园租房(岳麓区市政府麦德龙旁精装两房居家选择)
201604,钰龙天下佳园,长沙,1800,1800,78平米,岳麓区-金星大道,112.9395,28.252,钰龙天下佳园租房(岳麓区市政府麦德龙旁精装两房拎包即住)
201604,龙王港小区,长沙,2500,2500,90平米,岳麓区-金星大道,112.9367,28.20874,龙王港小区租房(岳麓区市政府豪装两房拎包即住)
201604,钰龙天下佳园,长沙,1800,1800,84平米,岳麓区-金星大道,112.9395,28.252,钰龙天下佳园租房(岳麓区市政府麦德龙旁精装两房拎包即住)
201604,钰龙天下佳园,长沙,1800,1800,80平米,岳麓区-金星大道,112.9395,28.252,钰龙天下佳园租房(岳麓区市政府麦德龙旁两房拎包即住)
201604,钰龙天下佳园,长沙,2000,2000,104平米,岳麓区-金星大道,112.9395,28.252,钰龙天下佳园租房(岳麓区市政府麦德龙旁精装三房办公的选择)
201604,恒大华府,长沙,1800,1800,90平米,岳麓区-银盆岭,112.9408,28.24252,恒大华府租房(岳麓区市政府麦德龙旁三房高性价比)
201604,钰龙天下佳园,长沙,2100,2100,78平米,岳麓区-金星大道,112.9395,28.252,钰龙天下佳园租房(岳麓区市政府麦德龙旁精装家具齐全拎包即住)
201604,卓越.蔚蓝海岸,长沙,1600,1600,83平米,岳麓区-市政府,112.9355,28.2425,卓越.蔚蓝海岸租房(岳麓区市政府麦德龙旁卓越品质精装两房)
201604,恒大华府,长沙,1600,1600,100平米,岳麓区-银盆岭,112.9408,28.24252,恒大华府租房(岳麓区市政府麦德龙旁恒大华府精装两房)
201604,恒大华府,长沙,1300,1300,35平米,岳麓区-银盆岭,112.9408,28.24252,恒大华府租房(岳麓区市政府麦德龙正规一室一厅拎包即住)
201604,新兴北京御园,长沙,2000,2000,133平米,岳麓区-市政府,112.9555,28.24721,新兴北京御园租房(岳麓区市政府麦德龙旁精装空房办公佳选)
201604,家兴苑小区,长沙,1800,1800,80平米,岳麓区-梅溪湖,0,0,家兴苑小区租房(岳麓区家兴元精装空房家具可配性价比超高)
201604,恒大华府,长沙,1800,1800,90平米,岳麓区-银盆岭,112.9408,28.24252,恒大华府租房(岳麓区市政府恒大华府精装三房【店长推荐】)
201604,恒大华府,长沙,1500,1500,51平米,岳麓区-银盆岭,112.9408,28.24252,恒大华府租房(岳麓区市政府恒大华府正规一室一厅拎包即住)
201604,钰龙天下佳园,长沙,2500,2500,95平米,岳麓区-金星大道,112.9395,28.252,钰龙天下佳园租房(钰龙天下市政府长郡旁豪装三房拎包即住)
201604,钰龙天下佳园,长沙,2300,2300,78平米,岳麓区-金星大道,112.9395,28.252,钰龙天下佳园租房(岳麓区市政府长郡旁豪装两房性价比高拎包即)
201604,三一街区,长沙,1650,1650,92平米,长沙县-星沙大道,113.0692,28.26817,三一街区租房(刚刚发生   现在看还不晚  急租)
201604,钰龙天下佳园,长沙,2200,2200,120平米,岳麓区-金星大道,112.9395,28.252,钰龙天下佳园租房(岳麓区市政府钰龙天下性价比超高三房)
201604,加加大街（华景苑）,长沙,1800,1800,66平米,天心区-芙蓉南路,113.0017,28.1447,加加大街（华景苑）租房(铁道学院超大客厅1房1厅1800/月)
201604,加加大街（华景苑）,长沙,1400,1400,57平米,天心区-芙蓉南路,113.0017,28.1447,加加大街（华景苑）租房(加加大街1房1厅 精装出租1400/月)
201604,东上一品,长沙,1500,1500,45平米,雨花区-东塘,113.0011,28.17675,东上一品租房(正东塘商圈，单身公寓，拎包入住！！)
201604,瑞府,长沙,2000,2000,43平米,雨花区-东塘,113.0202,28.14644,瑞府租房(瑞府大厦，高档精致装修，您的优质选择)
201604,东一国际,长沙,2350,2350,64平米,雨花区-东塘,113.0011,28.17671,东一国际租房(平和堂楼上，精致办公装修，随时入住办公)
201604,东一国际,长沙,1600,1600,50平米,雨花区-东塘,113.0011,28.17671,东一国际租房(平和堂楼上，正商圈中心点，随时看房)
201604,福乐康城,长沙,2200,2200,95平米,雨花区-赤岗冲,113.0336,28.16312,福乐康城租房(正东塘商圈，精致装修，随时入住！)
201604,金科园小区,长沙,2600,2600,115平米,雨花区-东塘,113.0017,28.17511,金科园小区租房(步步高超市旁，豪华婚房装修，包养良好)
201604,南园小区,长沙,1600,1600,83平米,雨花区-雨花亭,0,0,南园小区租房(铁道学院 精装2房出租 超干净方便)
201604,金科园小区,长沙,1600,1600,79平米,雨花区-东塘,113.0017,28.17511,金科园小区租房(步步高超市旁，正东塘商圈，拎包入住！)
201604,金科园小区,长沙,2400,2400,100平米,雨花区-东塘,113.0017,28.17511,金科园小区租房(步步高超市旁，精致装修，拎包随时入住！)
201604,瑞府,长沙,2200,2200,40平米,雨花区-东塘,113.0202,28.14644,瑞府租房(高档大厦，拎包入住，豪华装修！)
201604,潇湘明星村（潇湘明星公寓）,长沙,3500,3500,143平米,雨花区-东塘,113.023,28.16144,潇湘明星村（潇湘明星公寓）租房(正东塘商圈，大户型4房，随时看房！)
201604,茶馆屋,长沙,1500,1500,70平米,雨花区-赤岗冲,113.0056,28.15909,茶馆屋租房(家润多超市对面，赤岗冲正中心，拎包入住！)
201604,亚华.香舍花都,长沙,3800,3800,140平米,雨花区-东塘,113.0263,28.16625,亚华.香舍花都租房(东塘NO.1小区，精致装修，优质生活！)
201604,郡原广场,长沙,3000,3000,90平米,岳麓区-桐梓坡路,112.9359,28.2635,郡原广场租房(郡原广场 交通方便 环境优雅 设施齐全)
201604,沁园春御院,长沙,2200,2200,72平米,岳麓区-桐梓坡路,112.936,28.22405,沁园春御院租房(沁园春御院 小区设施齐全 环境优雅 )
201604,谋房博客,长沙,1300,1300,33平米,岳麓区-桐梓坡路,112.9287,28.22568,谋房博客租房(谋房博客 交通方便 环境优雅 设施齐全)
201604,阿普阿布,长沙,2500,2500,90平米,岳麓区-市政府,0,0,阿普阿布租房(阿普阿布 交通方便 设施齐全 环境优雅)
201604,诚兴园,长沙,1800,1800,90平米,岳麓区-金星大道,112.9286,28.23374,诚兴园租房(诚兴园环境优美  小区设施齐全 交通方便)
201604,阿普阿布,长沙,1500,1500,45平米,岳麓区-市政府,0,0,阿普阿布租房(阿普阿布 交通方便 环境优雅 设施全)
201604,佳兴国际汇广场,长沙,1800,1800,38平米,岳麓区-桐梓坡路,112.9408,28.21812,佳兴国际汇广场租房(佳兴国际汇广场 环境优雅 交通方便)
201604,佳兴国际汇广场,长沙,1800,1800,47平米,岳麓区-桐梓坡路,112.9408,28.21812,佳兴国际汇广场租房(佳兴国际汇广场 交通方便 环境优雅 )
201604,东一国际,长沙,1500,1500,45平米,雨花区-东塘,113.0011,28.17671,东一国际租房(正东塘商圈，平和堂楼上，拎包入住)
201604,阿普阿布,长沙,2500,2500,90平米,岳麓区-市政府,0,0,阿普阿布租房(阿普阿布 环境优雅 交通方便 设施齐全)
201604,东上一品,长沙,2000,2000,66平米,雨花区-东塘,113.0011,28.17675,东上一品租房(平和堂东上一品，随时看房，精致楼梯装修！)
201604,郡原广场,长沙,2200,2200,68平米,岳麓区-桐梓坡路,112.9359,28.2635,郡原广场租房(郡原广场 交通方便 环境优雅 设施齐全)
201604,恒万西溪里大厦,长沙,1400,1400,41平米,岳麓区-湘雅三医院,112.9458,28.22384,恒万西溪里大厦租房(恒万西溪里大厦 交通方便 环境优雅 美美)
201604,恒万西溪里大厦,长沙,1300,1300,45平米,岳麓区-湘雅三医院,112.9458,28.22384,恒万西溪里大厦租房(恒万西溪里大厦 交通方便 环境优雅)
201604,恒万西溪里大厦,长沙,1600,1600,41平米,岳麓区-湘雅三医院,112.9458,28.22384,恒万西溪里大厦租房(恒万西溪里大厦 交通方便 环境优雅)
201604,恒万西溪里大厦,长沙,1400,1400,42平米,岳麓区-湘雅三医院,112.9458,28.22384,恒万西溪里大厦租房(恒万西溪里大厦 交通方便 环境优雅)
201604,恒万西溪里大厦,长沙,1600,1600,43平米,岳麓区-湘雅三医院,112.9458,28.22384,恒万西溪里大厦租房(恒万西溪里大厦 交通方便 环境优雅 )
201604,格林星城,长沙,2700,2700,115平米,岳麓区-金星大道,112.9386,28.21629,格林星城租房(格林星城 交通方便 环境优雅 设施齐全)
201604,名都花园,长沙,2800,2800,95平米,雨花区-东塘,113.0092,28.16998,"名都花园租房(名都花园,花园中的战斗机，战斗机的VIP)"
201604,潇湘明星村（潇湘明星公寓）,长沙,3500,3500,155平米,雨花区-东塘,113.023,28.16144,潇湘明星村（潇湘明星公寓）租房(正东塘商圈，商住两用，仅要3500元)
201604,海华嘉园,长沙,3000,3000,138平米,雨花区-东塘,113.004,28.17413,海华嘉园租房(拎包入住，方便舒适，适合文艺青年的你们)
201604,金科园小区,长沙,1700,1700,56平米,雨花区-东塘,113.0017,28.17511,金科园小区租房(正东塘商圈，步步高旁舒适两房，居家精装)
201604,马家冲小区,长沙,1200,1200,45平米,雨花区-侯家塘,112.9941,28.17661,马家冲小区租房(陪读佳选，环境安静，适合居家与上班的你)
201604,金科园小区,长沙,1800,1800,90平米,雨花区-东塘,113.0017,28.17511,金科园小区租房(首次出租，精致装修，你还要错过吗！！！！)
201604,杏林小区,长沙,800,800,68平米,岳麓区-湘雅三医院,112.987,28.19365,杏林小区租房(杏林小区 居家好房 交通方便 环境优雅)
201604,咸嘉新村.嘉和苑,长沙,2500,2500,94平米,岳麓区-桐梓坡路,0,0,咸嘉新村.嘉和苑租房(咸嘉新村.嘉和苑 交通方便 环境优雅)
201604,佳兴国际汇广场,长沙,1000,1000,40平米,岳麓区-桐梓坡路,112.9408,28.21812,佳兴国际汇广场租房(佳兴国际汇广场 投资**** 交通方便)
201604,咸嘉新村.嘉和苑,长沙,2600,2600,93平米,岳麓区-桐梓坡路,0,0,咸嘉新村.嘉和苑租房(咸嘉新村.嘉和苑 环境优雅 交通方便)
201604,咸嘉新村.悦峰苑,长沙,1200,1200,40平米,岳麓区-桐梓坡路,0,0,咸嘉新村.悦峰苑租房(咸嘉新村.悦峰苑 交通方便 环境优雅)
201604,咸嘉新村.悦峰苑,长沙,2000,2000,130平米,岳麓区-桐梓坡路,0,0,咸嘉新村.悦峰苑租房(咸嘉新村.悦峰苑 交通方便 环境优雅)
201604,咸嘉新村.嘉旺苑,长沙,2600,2600,120平米,岳麓区-桐梓坡路,0,0,咸嘉新村.嘉旺苑租房(咸嘉新村.嘉旺苑 交通方便 离步步高近)
201604,咸嘉新村.嘉和苑,长沙,3200,3200,130平米,岳麓区-桐梓坡路,0,0,咸嘉新村.嘉和苑租房(咸嘉新村.嘉和苑 交通方便 环境优雅)
201604,郡原广场,长沙,2200,2200,70平米,岳麓区-桐梓坡路,112.9359,28.2635,郡原广场租房(郡原广场 交通方便 环境优雅 设施齐全)
201604,郡原广场,长沙,1600,1600,36平米,岳麓区-桐梓坡路,112.9359,28.2635,郡原广场租房(郡原广场 交通方便 环境优雅 设施齐全)
201604,郡原广场,长沙,3400,3400,130平米,岳麓区-桐梓坡路,112.9359,28.2635,郡原广场租房(郡原广场 交通方便 环境优雅 设施齐全)
201604,郡原广场,长沙,1400,1400,38平米,岳麓区-桐梓坡路,112.9359,28.2635,郡原广场租房(郡原广场 交通方便 环境优雅 设施齐全)
201604,郡原广场,长沙,2800,2800,78平米,岳麓区-桐梓坡路,112.9359,28.2635,郡原广场租房(郡原广场 交通方便 环境优雅 设施齐全)
201604,郡原广场,长沙,3500,3500,130平米,岳麓区-桐梓坡路,112.9359,28.2635,郡原广场租房(郡原广场 交通方便 环境优雅设施齐全)
201604,四季星城二期,长沙,1500,1500,78平米,长沙县-星沙大道,112.94542,28.23471,四季星城二期租房( 限时出租5天时间  可短租)
201604,郡原广场,长沙,2400,2400,90平米,岳麓区-桐梓坡路,112.9359,28.2635,郡原广场租房(郡原广场 环境优雅 交通方便 设施齐全)
201604,郡原广场,长沙,1800,1800,50平米,岳麓区-桐梓坡路,112.9359,28.2635,郡原广场租房(郡原广场 交通方便 环境优雅 设施齐全)
201604,郡原广场,长沙,2500,2500,70平米,岳麓区-桐梓坡路,112.9359,28.2635,郡原广场租房(郡原广场 交通方便 环境优雅 设施齐全)
201604,咸嘉新村,长沙,1800,1800,120平米,岳麓区-桐梓坡路,112.9347,28.22497,咸嘉新村租房(咸嘉新村 交通方便 环境优雅 设施齐全)
201604,湘腾商业广场,长沙,4000,4000,120平米,岳麓区-金星大道,112.9415,28.22537,湘腾商业广场租房(湘腾商业广场 交通方便 环境优雅 设施全)
201604,咸嘉新村.嘉兴苑,长沙,950,950,125平米,岳麓区-桐梓坡路,0,0,咸嘉新村.嘉兴苑租房(咸嘉新村.嘉兴苑 环境优雅 交通方便)
201604,咸嘉新村.嘉旺苑,长沙,2300,2300,131平米,岳麓区-桐梓坡路,0,0,咸嘉新村.嘉旺苑租房(咸嘉新村.嘉旺苑 交通方便 环境优雅)
201604,咸嘉新村.嘉文苑,长沙,2000,2000,94平米,岳麓区-桐梓坡路,0,0,咸嘉新村.嘉文苑租房(咸嘉新村.嘉文苑 交通方便 环境优雅)
201604,咸嘉新村.嘉文苑,长沙,1600,1600,90平米,岳麓区-桐梓坡路,0,0,咸嘉新村.嘉文苑租房(咸嘉新村.嘉文苑 交通方便 环境优雅)
201604,咸嘉新村.嘉旺苑,长沙,2500,2500,129平米,岳麓区-桐梓坡路,0,0,咸嘉新村.嘉旺苑租房(咸嘉新村.嘉旺苑 交通方便 环境优雅)
201604,郡原广场,长沙,2000,2000,70平米,岳麓区-桐梓坡路,112.9359,28.2635,郡原广场租房(郡原广场 交通方便 环境优雅 设施齐全)
201604,咸嘉新村.嘉和苑,长沙,3200,3200,123平米,岳麓区-桐梓坡路,0,0,咸嘉新村.嘉和苑租房(咸嘉新村.嘉和苑 交通方便 环境优雅)
201604,高鑫·麓城,长沙,2500,2500,88平米,岳麓区-桐梓坡路,112.9336,28.22793,高鑫·麓城租房(高鑫·麓城 交通方便 环境优雅 设施齐全)
201604,高鑫·麓城,长沙,3000,3000,123平米,岳麓区-桐梓坡路,112.9336,28.22793,高鑫·麓城租房(高鑫·麓城 交通方便 环境优雅 设施齐全)
201604,高鑫·麓城,长沙,2800,2800,90平米,岳麓区-桐梓坡路,112.9336,28.22793,高鑫·麓城租房(高鑫·麓城 交通方便 环境优雅 设施齐全)
201604,郡原广场,长沙,1500,1500,38平米,岳麓区-桐梓坡路,112.9359,28.2635,郡原广场租房(郡原广场 交通方便 环境优雅 设施齐全)
201604,美林银谷,长沙,1600,1600,50平米,岳麓区-市政府,112.9359,28.2635,美林银谷租房(美林银谷 交通方便 环境优雅 设施齐全)
201604,郡原广场,长沙,1700,1700,57平米,岳麓区-桐梓坡路,112.9359,28.2635,郡原广场租房(郡原广场 交通方便 环境优雅 设施齐全)
201604,郡原广场,长沙,2200,2200,76平米,岳麓区-桐梓坡路,112.9359,28.2635,郡原广场租房(郡原广场 交通方便 环境优雅 设施齐全)
201604,郡原广场,长沙,2200,2200,70平米,岳麓区-桐梓坡路,112.9359,28.2635,郡原广场租房(郡原广场 交通方便 环境优雅 设施齐全)
201604,郡原广场,长沙,1000,1000,38平米,岳麓区-桐梓坡路,112.9359,28.2635,郡原广场租房(郡原广场 交通方便 环境优雅 设施齐全)
201604,郡原广场,长沙,1600,1600,38平米,岳麓区-桐梓坡路,112.9359,28.2635,郡原广场租房(郡原广场 交通方便 环境优雅 设施齐全)
201604,郡原广场,长沙,1500,1500,32平米,岳麓区-桐梓坡路,112.9359,28.2635,郡原广场租房(郡原广场 交通方便 环境优雅 设施齐全)
201604,高鑫·麓城,长沙,2200,2200,83平米,岳麓区-桐梓坡路,112.9336,28.22793,高鑫·麓城租房(高鑫·麓城 交通方便 环境优雅 设施齐全)
201604,郡原广场,长沙,2200,2200,75平米,岳麓区-桐梓坡路,112.9359,28.2635,郡原广场租房(郡原广场 交通方便 环境优雅 设施齐全)
201604,高鑫·麓城,长沙,2000,2000,88平米,岳麓区-桐梓坡路,112.9336,28.22793,高鑫·麓城租房(高鑫·麓城 交通方便 环境优雅 设施齐全)
201604,咸嘉新村.嘉和苑,长沙,2500,2500,97平米,岳麓区-桐梓坡路,0,0,咸嘉新村.嘉和苑租房(咸嘉新村.嘉和苑 交通方便 环境优雅)
201604,润泽园,长沙,2500,2500,100平米,天心区-白沙路,112.9319,28.2198,润泽园租房(润泽园 交通方便 环境优雅 设施齐全)
201604,美林银谷,长沙,3200,3200,140平米,岳麓区-市政府,112.9359,28.2635,美林银谷租房(美林银谷 交通方便 环境优雅 设施齐全)
201604,美林银谷,长沙,1600,1600,50平米,岳麓区-市政府,112.9359,28.2635,美林银谷租房(美林银谷 交通方便 环境优雅 设施齐全)
201604,沁园春御院,长沙,3000,3000,101平米,岳麓区-桐梓坡路,112.936,28.22405,沁园春御院租房(沁园春御院 交通方便 环境优雅 设施齐全)
201604,润泽园,长沙,1600,1600,89平米,天心区-白沙路,112.9319,28.2198,润泽园租房(润泽园 交通方便 环境优雅 设施齐全)
201604,沁园春御院,长沙,6800,6800,184平米,岳麓区-桐梓坡路,112.936,28.22405,沁园春御院租房(沁园春御院 交通方便 环境优雅 设施齐全)
201604,沁园春御院,长沙,1700,1700,45平米,岳麓区-桐梓坡路,112.936,28.22405,沁园春御院租房(沁园春御院 交通方便 环境优雅 设施齐全)
201604,咸嘉新村,长沙,2800,2800,108平米,岳麓区-桐梓坡路,112.9347,28.22497,咸嘉新村租房(咸嘉新村 交通方便 环境优雅 设施齐全)
201604,沁园春御院,长沙,3200,3200,117平米,岳麓区-桐梓坡路,112.936,28.22405,沁园春御院租房(沁园春御院 交通方便 环境优雅 设施齐全)
201604,咸嘉新村.嘉和苑,长沙,3200,3200,132平米,岳麓区-桐梓坡路,0,0,咸嘉新村.嘉和苑租房(咸嘉新村.嘉和苑 环境优雅 交通方便)
201604,仁和.香堤雅境,长沙,2800,2800,130平米,芙蓉区-芙蓉区政府,113.0357,28.19335,仁和.香堤雅境租房(芙蓉区政府 仁和.香堤雅境 临近地铁口)
201604,郡原广场,长沙,1200,1200,38平米,岳麓区-桐梓坡路,112.9359,28.2635,郡原广场租房(郡原广场 【性价比高】交通方便 环境优雅)
201604,高鑫·麓城,长沙,2100,2100,88平米,岳麓区-桐梓坡路,112.9336,28.22793,高鑫·麓城租房(高鑫·麓城 交通方便 环境优雅 设施齐全)
201604,高鑫·麓城,长沙,2000,2000,66.6平米,岳麓区-桐梓坡路,112.9336,28.22793,高鑫·麓城租房(高鑫·麓城 交通方便 环境优雅设施齐全)
201604,美林银谷,长沙,1500,1500,45平米,岳麓区-市政府,112.9359,28.2635,美林银谷租房(美林银谷 交通方便 环境优雅 设施齐全)
201604,阿普阿布,长沙,2300,2300,88平米,岳麓区-市政府,0,0,阿普阿布租房(阿普阿布 交通方便 环境优雅 设施齐全)
201604,郡原广场,长沙,2300,2300,70平米,岳麓区-桐梓坡路,112.9359,28.2635,郡原广场租房(郡原广场 交通方便 环境优雅 设施齐全)
201604,裕民小区,长沙,1500,1500,50平米,岳麓区-金星大道,113.0247,28.26022,裕民小区租房(裕民小区 交通方便 环境优雅)
201604,裕民小区,长沙,1500,1500,50平米,岳麓区-金星大道,113.0247,28.26022,裕民小区租房(裕民小区 交通方便 环境优雅)
201604,裕民小区,长沙,1000,1000,40平米,岳麓区-金星大道,113.0247,28.26022,裕民小区租房(裕民小区 交通方便 环境优雅 设施齐全)
201604,高鑫·麓城,长沙,2500,2500,90平米,岳麓区-桐梓坡路,112.9336,28.22793,高鑫·麓城租房(高鑫·麓城 交通方便 环境优雅)
201604,杏林小区,长沙,1600,1600,90平米,岳麓区-湘雅三医院,112.987,28.19365,杏林小区租房(杏林小区 交通方便 环境优雅 房子实用)
201604,咸嘉新村.西子园,长沙,1900,1900,106平米,岳麓区-桐梓坡路,0,0,咸嘉新村.西子园租房(咸嘉新村.西子园 交通方便 环境优雅)
201604,裕民小区,长沙,2600,2600,127平米,岳麓区-金星大道,113.0247,28.26022,裕民小区租房(裕民小区 交通方便 环境优雅 设施齐全)
201604,西城龙庭,长沙,2600,2600,96平米,岳麓区-市政府,112.9393,28.23047,西城龙庭租房(西城龙庭 环境优雅 交通方便 设施齐全)
201604,西城龙庭,长沙,2600,2600,113平米,岳麓区-市政府,112.9393,28.23047,西城龙庭租房(西城龙庭 交通方便 环境优雅 设施齐全)
201604,润泽园,长沙,1400,1400,72平米,天心区-白沙路,112.9319,28.2198,润泽园租房(润泽园 交通方便 环境优雅 设施齐全)
201604,谋房博客,长沙,4000,4000,146平米,岳麓区-桐梓坡路,112.9287,28.22568,谋房博客租房(谋房博客 交通方便 环境优雅 设施齐全)
201604,润泽园,长沙,1450,1450,72平米,天心区-白沙路,112.9319,28.2198,润泽园租房(润泽园 交通方便 环境优雅 设施齐全)
201604,郡原广场,长沙,1600,1600,50平米,岳麓区-桐梓坡路,112.9359,28.2635,郡原广场租房(郡原广场【性价比高】交通方便 环境美)
201604,沁园春御院,长沙,2900,2900,138平米,岳麓区-桐梓坡路,112.936,28.22405,沁园春御院租房(沁园春御院 交通方便 离步步高近 环境美)
201604,谋房博客,长沙,2600,2600,122平米,岳麓区-桐梓坡路,112.9287,28.22568,谋房博客租房(谋房博客 交通方便 环境优雅 设施齐全)
201604,高鑫·麓城,长沙,2000,2000,88平米,岳麓区-桐梓坡路,112.9336,28.22793,高鑫·麓城租房(高鑫·麓城 交通方便 环境优雅 设施齐全)
201604,达美d6区,长沙,1800,1800,30平米,岳麓区-梅溪湖,112.9245,28.19836,达美d6区租房(望城坡地铁口达美D6 精装公寓 拎包入住)
201604,郡原广场,长沙,2500,2500,75平米,岳麓区-桐梓坡路,112.9359,28.2635,郡原广场租房(郡原广场 交通方便 环境优雅 设施齐全)
201604,钰龙天下佳园,长沙,500,500,45平米,岳麓区-金星大道,112.9395,28.252,钰龙天下佳园租房(长郡双语实验中学附近)
201604,四季星城二期,长沙,1500,1500,78平米,长沙县-星沙大道,112.94542,28.23471,四季星城二期租房(   随时可以看房，)
201604,三一街区,长沙,1650,1650,92平米,长沙县-星沙大道,113.0692,28.26817,三一街区租房(着急出租，随时看房)
201604,上河国际花园,长沙,2600,2600,92平米,雨花区-高桥,113.03325,28.18508,上河国际花园租房(上河精装两房，家具齐全，全新，首次出租！)
201604,鸿基橄榄君庭,长沙,2600,2600,95平米,雨花区-高桥,113.0457,28.20845,鸿基橄榄君庭租房(橄榄君庭精装三房，家电齐全，采光巨好。)
201604,鸿基橄榄君庭,长沙,2800,2800,123平米,雨花区-高桥,113.0457,28.20845,鸿基橄榄君庭租房(鸿基橄榄君庭 精装三房  拎包入住)
201604,美联天骄城,长沙,1600,1600,57平米,芙蓉区-马王堆,113.0364,28.18278,美联天骄城租房(美联天骄城   )
201604,鸿基橄榄君庭,长沙,2600,2600,95平米,雨花区-高桥,113.0457,28.20845,鸿基橄榄君庭租房(鸿基橄榄君庭 精装三房  拎包入住)
201604,上河国际花园,长沙,2900,2900,100平米,雨花区-高桥,113.03325,28.18508,上河国际花园租房(芙蓉区政府 上和国际花园)
201604,达美d6区,长沙,2600,2600,71平米,岳麓区-梅溪湖,112.9245,28.19836,达美d6区租房(汽车西站 达美D6区 高端小区  )
201604,盛世华章小区,长沙,3200,3200,121平米,雨花区-武广新城,113.0512,28.17647,盛世华章小区租房(盛世华章 精装三房 家电齐全 临近地铁)
201604,水云间,长沙,10000,10000,220平米,芙蓉区-火车站,113.0357,28.19335,水云间租房(芙蓉区政府 水云间 临近地铁口)
201604,达美d6区,长沙,2500,2500,71平米,岳麓区-梅溪湖,112.9245,28.19836,达美d6区租房(汽车西站 达美D6 精装两房 来电看房)
201604,茶馆屋,长沙,1300,1300,65平米,雨花区-赤岗冲,113.0056,28.15909,茶馆屋租房(东塘家润多旁，正规两房一厅，木质海洋。)
201604,世茂.铂翠湾,长沙,2500,2500,94平米,岳麓区-滨江新城,112.9794,28.21348,世茂.铂翠湾租房(银盆岭世茂铂翠湾 居家精装大三房 94㎡)
201604,瑞府,长沙,1800,1800,42平米,雨花区-东塘,113.0202,28.14644,瑞府租房(东塘平和堂对面，瑞府黄金单身公寓拎包入住)
201604,绿地中央广场,长沙,2600,2600,69平米,岳麓区-银盆岭,112.9228,28.22827,绿地中央广场租房(银盆岭绿地中央广场 居家精装大三房69㎡)
201604,世茂.铂翠湾,长沙,2500,2500,97平米,岳麓区-滨江新城,112.9794,28.21348,世茂.铂翠湾租房(世茂铂翠湾精装三房)
201604,绿地中央广场,长沙,1500,1500,36平米,岳麓区-银盆岭,112.9228,28.22827,绿地中央广场租房(绿地中央广场单身公寓)
201604,绿地中央广场,长沙,2500,2500,70平米,岳麓区-银盆岭,112.9228,28.22827,绿地中央广场租房(绿地中央广场精装两房)
201604,西湘郡邸（兰卡威国际公寓）,长沙,1500,1500,45平米,岳麓区-银盆岭,112.9603,28.23149,西湘郡邸（兰卡威国际公寓）租房(兰卡威 精装一室一厅)
201604,奥克斯广场,长沙,4000,4000,108平米,岳麓区-银盆岭,112.9607,28.23152,奥克斯广场租房(奥克斯广场   办公专用)
201604,绿地中央广场,长沙,1700,1700,36平米,岳麓区-银盆岭,112.9228,28.22827,绿地中央广场租房(绿地中央广场单身公寓出租)
201604,枫林家园,长沙,1700,1700,52平米,岳麓区-金星大道,112.9586,28.23782,枫林家园租房(枫林家园  一室一厅)
201604,绿地中央广场,长沙,2800,2800,104平米,岳麓区-银盆岭,112.9228,28.22827,绿地中央广场租房(绿地中央广场，限爱家人士入住)
201604,西湘郡邸（兰卡威国际公寓）,长沙,4000,4000,110平米,岳麓区-银盆岭,112.9603,28.23149,西湘郡邸（兰卡威国际公寓）租房(兰卡威，办公专用)
201604,西湘郡邸（兰卡威国际公寓）,长沙,1350,1350,42平米,岳麓区-银盆岭,112.9603,28.23149,西湘郡邸（兰卡威国际公寓）租房(兰卡威韩式公寓电梯房 温馨一房 42㎡)
201604,世茂.铂翠湾,长沙,3800,3800,108平米,岳麓区-滨江新城,112.9794,28.21348,世茂.铂翠湾租房(世茂铂翠湾，精装两房)
201604,绿地中央广场,长沙,2300,2300,69平米,岳麓区-银盆岭,112.9228,28.22827,绿地中央广场租房(银盆岭绿地中央广场 欧式风格精装大两房)
201604,盛大泽西城,长沙,2400,2400,126平米,岳麓区-市政府,112.9518,28.23213,盛大泽西城租房(盛大泽西城自住精装大三房128㎡家电齐全)
201604,天骄福邸,长沙,2000,2000,89平米,岳麓区-市政府,0,0,天骄福邸租房(绿地附近 自住精装大三房128㎡家电俱全)
201604,西湘郡邸（兰卡威国际公寓）,长沙,1350,1350,42平米,岳麓区-银盆岭,112.9603,28.23149,西湘郡邸（兰卡威国际公寓）租房(银盆岭奥克斯附近 兰卡威欧式风格温馨一房)
201604,天骄福邸,长沙,2800,2800,113平米,岳麓区-市政府,0,0,天骄福邸租房(天骄福邸 三房两厅精装修南北通透家电俱全)
201604,盛大泽西城,长沙,2400,2400,121平米,岳麓区-市政府,112.9518,28.23213,盛大泽西城租房(盛大泽西城 精装三房 南北通透 家电俱全)
201604,星蓝湾小区,长沙,2300,2300,115平米,岳麓区-银盆岭,112.9602,28.23246,星蓝湾小区租房(星蓝湾 三房两厅精装修128㎡ 家电俱全)
201604,盛大泽西城,长沙,2100,2100,123平米,岳麓区-市政府,112.9518,28.23213,盛大泽西城租房(盛大泽西城 三房两厅 精装修家电俱全急租)
201604,兰亭都荟,长沙,2600,2600,125平米,岳麓区-银盆岭,112.95253,28.22821,兰亭都荟租房(银盆岭兰亭都荟 精装三房 家电俱全急租)
201604,世茂.铂翠湾,长沙,2600,2600,110平米,岳麓区-滨江新城,112.9794,28.21348,世茂.铂翠湾租房(世茂铂翠湾 精装三房 南北通透 家电俱全)
201604,天骄福邸,长沙,1500,1500,50平米,岳麓区-市政府,0,0,天骄福邸租房(银盆岭天骄福邸 精装一房家电俱全60㎡)
201604,银鸿小区,长沙,1500,1500,100平米,岳麓区-桐梓坡路,113.4194,27.86573,银鸿小区租房(奥克斯附近自住精装大两房家电齐全108㎡)
201604,枫林美景,长沙,1600,1600,67平米,岳麓区-银盆岭,112.9411,28.23951,枫林美景租房(银盆岭枫林美景 精装两房南北通透家电俱全)
201604,天骄福邸,长沙,2200,2200,130平米,岳麓区-市政府,0,0,天骄福邸租房(银盆岭天骄福邸自住精装三房 家电俱全)
201604,枫林美景,长沙,1600,1600,106平米,岳麓区-银盆岭,112.9411,28.23951,枫林美景租房(银盆岭枫林美景 居家精装大两房 家电俱全)
201604,西湘郡邸（兰卡威国际公寓）,长沙,1600,1600,52平米,岳麓区-银盆岭,112.9603,28.23149,西湘郡邸（兰卡威国际公寓）租房(银盆岭兰卡威 温馨精装一房家电俱全50㎡)
201604,绿地中央广场,长沙,2800,2800,96平米,岳麓区-银盆岭,112.9228,28.22827,绿地中央广场租房(绿地中央广 温馨精装三房家电俱全96㎡)
201604,枫林绿洲,长沙,1900,1900,100平米,岳麓区-金星大道,112.9578,28.24143,枫林绿洲租房(银盆岭枫林绿洲 精装三房家电俱全128㎡)
201604,绿地中央广场,长沙,1500,1500,33平米,岳麓区-银盆岭,112.9228,28.22827,绿地中央广场租房(绿地中央广场 温馨小窝一房 拎包入住)
201604,枫林美景,长沙,1600,1600,98平米,岳麓区-银盆岭,112.9411,28.23951,枫林美景租房(银盆岭枫林美景 居家精装大两房 89㎡)
201604,绿地中央广场,长沙,2200,2200,69平米,岳麓区-银盆岭,112.9228,28.22827,绿地中央广场租房(银盆岭绿地中央广场 自住精装大两房80㎡)
201604,上河国际花园,长沙,1900,1900,84平米,雨花区-高桥,113.03325,28.18508,上河国际花园租房(上河国际 简装无家具 价格实惠)
201604,五一村永定小区,长沙,1300,1300,65平米,雨花区-高桥,113.03024,28.18948,五一村永定小区租房(五一村永定小区  家电齐全 拎包入住)
201604,天骄福邸,长沙,1400,1400,60平米,岳麓区-市政府,0,0,天骄福邸租房(岳麓区天骄福邸 温馨小窝一房 拎包入住)
201604,尚东紫郡,长沙,3600,3600,113平米,雨花区-高桥,113.0284,28.18582,尚东紫郡租房(尚东紫郡 拎包入住 )
201604,红树湾,长沙,1100,1100,49平米,长沙县-万家丽北路,113.0514,28.25475,红树湾租房(精装公寓，地铁口，家具家电齐全)
201604,高鑫·麓城,长沙,3000,3000,127平米,岳麓区-桐梓坡路,112.9336,28.22793,高鑫·麓城租房(高鑫麓城 温馨装修 适合小资、白领居住)
201604,高鑫·麓城,长沙,2000,2000,87.12平米,岳麓区-桐梓坡路,112.9336,28.22793,高鑫·麓城租房(高鑫麓城 商住两用 适合陪读 上班族)
201604,高鑫·麓城,长沙,3000,3000,135平米,岳麓区-桐梓坡路,112.9336,28.22793,高鑫·麓城租房(高鑫麓城  陪读必选 紧邻王府井商圈)
201604,沁园春御院,长沙,3200,3200,112平米,岳麓区-桐梓坡路,112.936,28.22405,沁园春御院租房(沁园春御院中士装修风格 商住两用办公房)
201604,沁园春御院,长沙,3300,3300,120平米,岳麓区-桐梓坡路,112.936,28.22405,沁园春御院租房(沁园春御苑 中士装修风格 适合居家)
201604,钰龙天下佳园,长沙,3400,3400,152平米,岳麓区-金星大道,112.9395,28.252,钰龙天下佳园租房(钰龙天下 豪装四房 享受豪宅生活)
201604,钰龙天下佳园,长沙,2300,2300,93平米,岳麓区-金星大道,112.9395,28.252,钰龙天下佳园租房(钰龙天下佳园 精装三房 新房首次出租)
201604,钰龙天下佳园,长沙,2500,2500,115平米,岳麓区-金星大道,112.9395,28.252,钰龙天下佳园租房(钰龙天下 精装三房 享受精致生活)
201604,盛大泽西城,长沙,1500,1500,40平米,岳麓区-市政府,112.9518,28.23213,盛大泽西城租房(银盆岭盛大泽西城 温馨精装一房 家电齐全)
201604,星蓝湾小区,长沙,2000,2000,135平米,岳麓区-银盆岭,112.9602,28.23246,星蓝湾小区租房(银盆岭星蓝湾 自住精装大三房 128㎡)
201604,枫林美景,长沙,2200,2200,96平米,岳麓区-银盆岭,112.9411,28.23951,枫林美景租房(银盆岭枫林美景 自住精装大两房 南北通透)
201604,香麓丽舍,长沙,1500,1500,50平米,岳麓区-银盆岭,112.9587,28.22847,香麓丽舍租房(银盆岭香麓丽舍 温馨精装一房  52㎡)
201604,绿地中央广场,长沙,2500,2500,96平米,岳麓区-银盆岭,112.9228,28.22827,绿地中央广场租房(绿地中央广场 办公精装大三房 96㎡  )
201604,天骄福邸,长沙,1500,1500,46平米,岳麓区-市政府,0,0,天骄福邸租房(银盆岭绿地中央广场 温馨一房)
201604,银馨家园,长沙,2200,2200,100平米,岳麓区-银盆岭,0,0,银馨家园租房(银盆岭银馨家园 自住精装大三房 家电齐全)
201604,天骄福邸,长沙,1400,1400,60平米,岳麓区-市政府,0,0,天骄福邸租房(银盆岭天骄福邸 自住温馨一房 家电俱全 )
201604,绿地中央广场,长沙,1600,1600,36平米,岳麓区-银盆岭,112.9228,28.22827,绿地中央广场租房(银盆岭绿地中央广场 温馨小窝 家电俱全 )
201604,天骄福邸,长沙,2400,2400,113平米,岳麓区-市政府,0,0,天骄福邸租房(银盆岭天骄福邸 居家精装大三房 家电齐全)
201604,天骄福邸,长沙,2300,2300,76平米,岳麓区-市政府,0,0,天骄福邸租房(银盆岭天骄福邸 自住精装大三房 118㎡)
201604,钰龙天下佳园,长沙,2500,2500,93平米,岳麓区-金星大道,112.9395,28.252,钰龙天下佳园租房(长郡双语实验中学附近)
201604,上河国际花园,长沙,3800,3800,128平米,雨花区-高桥,113.03325,28.18508,上河国际花园租房(精品装修，拎包入住)
201604,上河国际花园,长沙,2000,2000,51平米,雨花区-高桥,113.03325,28.18508,上河国际花园租房(精品装修，拎包入住)
201604,营山佳园,长沙,1500,1500,55平米,雨花区-左家塘,113.0082,28.18268,营山佳园租房(营山佳园 钥匙在手随时看房2房价格实惠)
201604,滴水井烟草公司小区,长沙,2400,2400,110平米,雨花区-左家塘,112.9794,28.21348,滴水井烟草公司小区租房(滴水井烟草局宿舍3房2厅价格实惠精装修)
201604,海华嘉园,长沙,2900,2900,130平米,雨花区-东塘,113.004,28.17413,海华嘉园租房(东塘海华嘉园，电梯精装3房，南北通透。)
201604,麓江春,长沙,1300,1300,48平米,岳麓区-银盆岭,112.9572,28.23085,麓江春租房(有史以来的超低价格 银盆岭麓江春精装一房)
201604,美联天骄城,长沙,1600,1600,57平米,芙蓉区-马王堆,113.0364,28.18278,美联天骄城租房(美联天骄城 精品一房 拎包入住)
201604,东方新世界,长沙,1200,1200,35平米,雨花区-左家塘,113.0084,28.18306,东方新世界租房(东方新世界价格实惠哦独立厨卫正规1房)
201604,东方新世界,长沙,2200,2200,100平米,雨花区-左家塘,113.0084,28.18306,东方新世界租房(东方新世界房子年底才装修的价格优惠2房厅)
201604,上河国际花园,长沙,2600,2600,92平米,雨花区-高桥,113.03325,28.18508,上河国际花园租房(上河国际 精装一房 家电齐全 拎包入住)
201604,高桥大市场,长沙,2000,2000,120平米,雨花区-高桥,113.0328,28.18052,高桥大市场租房(高桥大市场，家电齐全，可租可售)
201604,香雨一品,长沙,2000,2000,135平米,雨花区-雨花区政府,113.0499,28.14424,香雨一品租房(香雨一品，新房装修，中心地段)
201604,钰龙天下佳园,长沙,1800,1800,78平米,岳麓区-金星大道,112.9395,28.252,钰龙天下佳园租房(钰龙天下 陪读好房 陪读装修 读长郡)
201604,钰龙天下佳园,长沙,1700,1700,78平米,岳麓区-金星大道,112.9395,28.252,钰龙天下佳园租房(钰龙陪读 经典两居 全套家具家电出租)
201604,钰龙天下佳园,长沙,1600,1600,74平米,岳麓区-金星大道,112.9395,28.252,钰龙天下佳园租房(钰龙经典两居 1600鼎级性价比 )
201604,钰龙天下佳园,长沙,2300,2300,78.8平米,岳麓区-金星大道,112.9395,28.252,钰龙天下佳园租房(钰龙  豪华陪读两房 鼎级配置 首次出租)
201604,钰龙天下佳园,长沙,2600,2600,94平米,岳麓区-金星大道,112.9395,28.252,钰龙天下佳园租房(钰龙天下 长郡旁培训办公好房 )
201604,钰龙天下佳园,长沙,2500,2500,114平米,岳麓区-金星大道,112.9395,28.252,钰龙天下佳园租房(钰龙陪读房 居家的感受 居家的装修)
201604,钰龙天下佳园,长沙,2600,2600,118平米,岳麓区-金星大道,112.9395,28.252,钰龙天下佳园租房(钰龙精装好房 精致装修 舒适居住体验)
201604,枫林家园,长沙,1500,1500,48平米,岳麓区-金星大道,112.9586,28.23782,枫林家园租房(标准一室一厅 全新家电配套设施完全 急租)
201604,奥克斯广场,长沙,1800,1800,46平米,岳麓区-银盆岭,112.9607,28.23152,奥克斯广场租房(银盆岭周边奥克斯广场  豪装公寓)
201604,钰龙天下佳园,长沙,2300,2300,78平米,岳麓区-金星大道,112.9395,28.252,钰龙天下佳园租房(钰龙天下 豪装两房 精致生活从居家开始)
201604,恒大华府,长沙,2000,2000,82平米,岳麓区-银盆岭,112.9408,28.24252,恒大华府租房(恒大华府 精装修两房 精致装修 畅享生活)
201604,谋房博客,长沙,1350,1350,38平米,岳麓区-桐梓坡路,112.9287,28.22568,谋房博客租房(谋房博客岳麓一小旁临近步步高王府井性价高)
201604,郡原广场,长沙,2000,2000,76平米,岳麓区-桐梓坡路,112.9359,28.2635,郡原广场租房(郡原广场临近步步高王府井湘雅医学院)
201604,高鑫·麓城,长沙,2500,2500,88平米,岳麓区-桐梓坡路,112.9336,28.22793,高鑫·麓城租房(步步高商圏 高鑫麓城 2室2厅1卫)
201604,德政园聚心苑,长沙,1900,1900,91平米,芙蓉区-芙蓉区政府,113.0284,28.19257,德政园聚心苑租房(芙蓉区政府 德政园 精装两居 91平方)
201604,达美d6区,长沙,2600,2600,71平米,岳麓区-梅溪湖,112.9245,28.19836,达美d6区租房(达美D6区 地铁口 精装两房 拎包入住)
201604,中一九骏,长沙,2800,2800,140平米,岳麓区-梅溪湖,112.9305,28.21213,中一九骏租房(中一九骏-财专-涉外-地铁口-拎包即住)
201604,红树湾,长沙,1100,1100,49平米,长沙县-万家丽北路,113.0514,28.25475,红树湾租房(红树湾单身公寓出租)
201604,嘉逸名庭,长沙,2800,2800,117平米,岳麓区-桐梓坡路,112.9033,28.13422,嘉逸名庭租房(嘉逸名庭-岳麓一小-拎包即住)
201604,嘉逸名庭,长沙,2200,2200,90平米,岳麓区-桐梓坡路,112.9033,28.13422,嘉逸名庭租房(岳麓一小陪读选择-居家两房-交通方便)
201604,沁园春御院,长沙,1450,1450,45平米,岳麓区-桐梓坡路,112.936,28.22405,沁园春御院租房(河西王府井步步高商圈-拎包即可入住)
201604,沁园春御院,长沙,2800,2800,117平米,岳麓区-桐梓坡路,112.936,28.22405,沁园春御院租房(步步高附近，面朝王府井，高鑫麓城优质好房)
201604,西京公寓(永祺国际),长沙,2500,2500,83平米,岳麓区-桐梓坡路,112.9383,28.22824,西京公寓(永祺国际)租房(步步高附近，面朝王府井，高鑫麓城优质好房)
201604,沁园春御院,长沙,2200,2200,72平米,岳麓区-桐梓坡路,112.936,28.22405,沁园春御院租房(步步高附近，面朝王府井，高鑫麓城优质好房)
201604,沁园春御院,长沙,3050,3050,117平米,岳麓区-桐梓坡路,112.936,28.22405,沁园春御院租房(步步高附近，面朝王府井，高鑫麓城优质好房)
201604,高鑫·麓城,长沙,3000,3000,123平米,岳麓区-桐梓坡路,112.9336,28.22793,高鑫·麓城租房(步步高附近，面朝王府井，高鑫麓城优质好房)
201604,保利香槟国际,长沙,1200,1200,91平米,长沙县-万家丽北路,113.06919,28.26817,保利香槟国际租房(保利香槟国际简装小3房出租)
201604,诚兴园,长沙,1500,1500,83平米,岳麓区-金星大道,112.9286,28.23374,诚兴园租房(诚兴园标准两室一厅1500)
201604,钰龙天下佳园,长沙,1800,1800,86平米,岳麓区-金星大道,112.9395,28.252,钰龙天下佳园租房(市府北长郡旁钰龙佳园精装两房)
201604,诚兴园,长沙,2000,2000,83平米,岳麓区-金星大道,112.9286,28.23374,诚兴园租房(诚兴园超级梦幻优质两房！)
201604,钰龙天下佳园,长沙,2000,2000,104平米,岳麓区-金星大道,112.9395,28.252,钰龙天下佳园租房(麦德龙旁钰龙家园精装三房随时拎包入住)
201604,旭辉藏郡,长沙,2500,2500,88平米,岳麓区-金星大道,0,0,旭辉藏郡租房(市府北长郡旁旭辉藏郡豪装两房随时拎包入住)
201604,恒大华府,长沙,1600,1600,100平米,岳麓区-银盆岭,112.9408,28.24252,恒大华府租房(市府北麦德龙对面恒大华府精装两房1600)
201604,钰龙天下佳园,长沙,1050,1050,39平米,岳麓区-金星大道,112.9395,28.252,钰龙天下佳园租房(市府北麦德龙旁钰龙公寓随时拎包入住)
201604,钰龙天下佳园,长沙,1700,1700,78平米,岳麓区-金星大道,112.9395,28.252,钰龙天下佳园租房(市府北长郡旁钰龙家园精装两房)
201604,西点公园里,长沙,3200,3200,142平米,岳麓区-桐梓坡路,112.9374,28.22077,西点公园里租房(步步高王府井市政府周边!装修精良!)
201604,钰龙天下佳园,长沙,2000,2000,120平米,岳麓区-金星大道,112.9395,28.252,钰龙天下佳园租房(市府北钰龙家园小三房随时拎包入住)
201604,钰龙天下佳园,长沙,1700,1700,78平米,岳麓区-金星大道,112.9395,28.252,钰龙天下佳园租房(市府北钰龙家园小两房 随时拎包入住)
201604,钰龙天下佳园,长沙,2000,2000,78平米,岳麓区-金星大道,112.9395,28.252,钰龙天下佳园租房(市府北钰龙天下精装两房随时拎包入住)
201604,钰龙天下佳园,长沙,2200,2200,124平米,岳麓区-金星大道,112.9395,28.252,钰龙天下佳园租房(市府北 钰龙天下 小三房 拎包入住)
201604,钰龙天下佳园,长沙,2100,2100,109平米,岳麓区-金星大道,112.9395,28.252,钰龙天下佳园租房(麦德龙旁钰龙家园精装小三房随时拎包入住)
201604,汇都公寓,长沙,2300,2300,106平米,雨花区-高桥,113.0372,28.15522,汇都公寓租房(芙蓉区政府 汇都公寓 精装三室)
201604,卓越.蔚蓝海岸,长沙,1900,1900,90平米,岳麓区-市政府,112.9355,28.2425,卓越.蔚蓝海岸租房(卓越蔚蓝海岸 市政府旁 精装3房拎包入住)
201604,博雅湘水湾三期,长沙,1450,1450,89.9平米,长沙县-泉塘,112.94542,28.23471,博雅湘水湾三期租房(【韩式榻榻米】星沙泉塘博雅湘水湾精装两室)
201604,西街花园,长沙,3500,3500,88平米,芙蓉区-芙蓉区政府,113.0284,28.19065,西街花园租房(芙蓉区政府 地铁口西街花园  精装两居)
201604,西子一间,长沙,1600,1600,50平米,芙蓉区-芙蓉区政府,113.0352,28.18643,西子一间租房(芙蓉区政府 西子一间 精装一居 拎包入住)
201604,星城世家(原东方城),长沙,3500,3500,128平米,芙蓉区-芙蓉区政府,113.0422,28.19046,星城世家(原东方城)租房(芙蓉区政府 地铁口星城世家 精装三室)
201604,西子一间,长沙,1800,1800,47平米,芙蓉区-芙蓉区政府,113.0352,28.18643,西子一间租房(芙蓉区政府西子一间 精装一居1800/月)
201604,德政园润心苑,长沙,2100,2100,118平米,芙蓉区-芙蓉区政府,113.6473,28.1803,德政园润心苑租房(芙蓉区政府 德政园 精装三室 拎包入住)
201604,泊爱蓝湾,长沙,2000,2000,65平米,芙蓉区-芙蓉区政府,113.0406,28.18745,泊爱蓝湾租房(芙蓉区政府 博爱蓝湾 精装两居 65平方)
201604,泊爱蓝湾,长沙,2300,2300,80平米,芙蓉区-芙蓉区政府,113.0406,28.18745,泊爱蓝湾租房(芙蓉区政府 博爱蓝湾 精装两居 80平米)
201604,高鑫·麓城,长沙,2200,2200,88平米,岳麓区-桐梓坡路,112.9336,28.22793,高鑫·麓城租房(步步高王府井市政府周边!装修精良!)
201604,高鑫·麓城,长沙,3000,3000,123平米,岳麓区-桐梓坡路,112.9336,28.22793,高鑫·麓城租房(步步高王府井市政府周边!高鑫麓城优质房！)
201604,高鑫·麓城,长沙,2400,2400,90平米,岳麓区-桐梓坡路,112.9336,28.22793,高鑫·麓城租房(步步高王府井市政府周边!装修精良!)
201604,高鑫·麓城,长沙,2300,2300,88平米,岳麓区-桐梓坡路,112.9336,28.22793,高鑫·麓城租房(步步高王府井市政府周边!高鑫麓城优质房！)
201604,高鑫·麓城,长沙,2500,2500,90平米,岳麓区-桐梓坡路,112.9336,28.22793,高鑫·麓城租房(步步高商圈，面朝王府井，高鑫麓城优质好房)
201604,高鑫·麓城,长沙,2000,2000,88平米,岳麓区-桐梓坡路,112.9336,28.22793,高鑫·麓城租房(步步高商圈，面朝王府井，高鑫麓城优质好房)
201604,高鑫·麓城,长沙,2800,2800,90平米,岳麓区-桐梓坡路,112.9336,28.22793,高鑫·麓城租房(步步高商圈，面朝王府井，高鑫麓城优质好房)
201604,高信向日葵园,长沙,2000,2000,91平米,岳麓区-市政府,112.9345,28.22215,高信向日葵园租房(步步高商圈，面朝王府井，高鑫麓城优质好房)
201604,高鑫·麓城,长沙,2500,2500,88平米,岳麓区-桐梓坡路,112.9336,28.22793,高鑫·麓城租房(步步高商圈，面朝王府井，高鑫麓城优质好房)
201604,恒大华府,长沙,1200,1200,38平米,岳麓区-银盆岭,112.9408,28.24252,恒大华府租房(市府北麦德龙旁恒大华府精装公寓)
201604,高鑫·麓城,长沙,2200,2200,87平米,岳麓区-桐梓坡路,112.9336,28.22793,高鑫·麓城租房(步步高王府井市政府周边!高鑫麓城优质房！)
201604,高信向日葵园,长沙,3000,3000,100平米,岳麓区-市政府,112.9345,28.22215,高信向日葵园租房(步步高商圈，面朝王府井，高鑫麓城优质好房)
201604,高信向日葵园,长沙,2800,2800,128平米,岳麓区-市政府,112.9345,28.22215,高信向日葵园租房(高信向日葵室内全新豪华装修首次出租临地铁)
201604,咸嘉新村.嘉兴苑,长沙,1800,1800,115平米,岳麓区-桐梓坡路,0,0,咸嘉新村.嘉兴苑租房(咸嘉新村.嘉兴苑步步高王府井旁桐梓坡)
201604,格林星城,长沙,3300,3300,125平米,岳麓区-金星大道,112.9386,28.21629,格林星城租房(步步高旁 格林新城 3房2厅 金星中路)
201604,长房白沙湾花园,长沙,1800,1800,88平米,芙蓉区-马王堆,113.021,28.20381,长房白沙湾花园租房(芙蓉区政府 白沙湾 两居 1800/月)
201604,湖韵佳苑,长沙,2100,2100,83平米,岳麓区-市政府,112.9544,28.21371,湖韵佳苑租房(西湖公园旁 湖韵佳苑 2房2厅 环境顶好)
201604,红树湾,长沙,1200,1200,47平米,长沙县-万家丽北路,113.0514,28.25475,红树湾租房(万家丽北 精装公寓  欢迎入住 )
201604,鑫天鑫城,长沙,1800,1800,95平米,雨花区-东塘,113.0424,28.16447,鑫天鑫城租房(东塘鑫天鑫诚，性价比超高的精装电梯2房！)
201604,咸嘉新村.嘉文苑,长沙,1800,1800,80平米,岳麓区-桐梓坡路,0,0,咸嘉新村.嘉文苑租房(咸嘉新村.嘉文苑步步高王府井旁桐梓坡)
201604,谋房博客,长沙,1250,1250,35平米,岳麓区-桐梓坡路,112.9287,28.22568,谋房博客租房(谋房博客岳麓一小旁临近步步高王府井)
201604,钰龙天下佳园,长沙,2400,2400,115平米,岳麓区-金星大道,112.9395,28.252,钰龙天下佳园租房(长郡双语旁 钰龙天下 4房2厅 )
201604,观湖公寓(观湖二号),长沙,1800,1800,68平米,岳麓区-麓谷,112.944,28.21682,观湖公寓(观湖二号)租房(咸嘉湖风景房  观湖公寓 2房2厅 )
201604,郡原广场,长沙,2900,2900,147平米,岳麓区-桐梓坡路,112.9359,28.2635,郡原广场租房(郡原广场步步高王府井旁临近市政府湘雅医院)
201604,咸嘉新村.嘉文苑,长沙,2000,2000,94平米,岳麓区-桐梓坡路,0,0,咸嘉新村.嘉文苑租房(步步高商圏 咸嘉新村 2房2厅1卫)
201604,西城龙庭,长沙,2300,2300,88平米,岳麓区-市政府,112.9393,28.23047,西城龙庭租房(西城龙庭金星中路步步高王府井市政府旁)
201604,郡原广场,长沙,2400,2400,90平米,岳麓区-桐梓坡路,112.9359,28.2635,郡原广场租房(步步高商业广场旁 郡原广场 2室1厅1卫)
201604,沁园春御院,长沙,3200,3200,139平米,岳麓区-桐梓坡路,112.936,28.22405,沁园春御院租房(沁园春御院步步高王府井旁岳麓一小桐梓坡)
201604,诚兴园,长沙,1400,1400,106平米,岳麓区-金星大道,112.9286,28.23374,诚兴园租房(诚兴园岳麓大道交通便捷拎包入住)
201604,谋房博客,长沙,1100,1100,38平米,岳麓区-桐梓坡路,112.9287,28.22568,谋房博客租房(谋房博客岳麓一小旁桐梓坡性价比高)
201604,谋房博客,长沙,1200,1200,38平米,岳麓区-桐梓坡路,112.9287,28.22568,谋房博客租房(谋房博客岳麓一小旁临近步步高王府井)
201604,湘域熙岸花园,长沙,3500,3500,116平米,芙蓉区-芙蓉区政府,113.0481,28.19116,湘域熙岸花园租房(芙蓉区政府 地铁口 湘域熙岸 温馨宜居)
201604,郡原广场,长沙,1500,1500,50平米,岳麓区-桐梓坡路,112.9359,28.2635,郡原广场租房(郡原广场步步高王府井旁金星中路拎包入住)
201604,咸嘉新村.嘉和苑,长沙,2200,2200,93平米,岳麓区-桐梓坡路,0,0,咸嘉新村.嘉和苑租房(咸嘉新村步步高和王府井旁交通便捷拎包入住)
201604,郡原广场,长沙,2000,2000,68平米,岳麓区-桐梓坡路,112.9359,28.2635,郡原广场租房(郡原广场步步高王府井旁金星大道拎包入住)
201604,高鑫·麓城,长沙,2100,2100,88平米,岳麓区-桐梓坡路,112.9336,28.22793,高鑫·麓城租房(高鑫麓城步步高王府井旁设施齐全交通便捷)
201604,恩瑞麓山名园,长沙,2100,2100,115平米,岳麓区-金星大道,112.9379,28.24158,恩瑞麓山名园租房(恩瑞麓山名园地铁口金星中路性价比高安静)
201604,诚兴园,长沙,1600,1600,90平米,岳麓区-金星大道,112.9286,28.23374,诚兴园租房(诚兴园周边配套设施齐全性价比极高拎包入住)
201604,沁园春御院,长沙,1800,1800,45平米,岳麓区-桐梓坡路,112.936,28.22405,沁园春御院租房(步步高商圏 沁园春御院 1室1厅1卫)
201604,泊爱蓝湾,长沙,2200,2200,80平米,芙蓉区-芙蓉区政府,113.0406,28.18745,泊爱蓝湾租房(芙蓉区政府 泊爱蓝湾  精装两房)
201604,愿景山水湾S区,长沙,1400,1400,40平米,长沙县-万家丽北路,0,0,愿景山水湾S区租房(山水湾精装公寓全新装修)
201604,海林馨香雅苑,长沙,2200,2200,100平米,岳麓区-汽车西站,112.9328,28.21898,海林馨香雅苑租房(汽车西站 海林馨香雅苑 3房2厅1卫)
201604,曙光大邸,长沙,2400,2400,130平米,雨花区-左家塘,113.0077,28.17964,曙光大邸租房(陪读**** 居家两房 温馨装修 交通便利)
201604,愿景山水湾S区,长沙,1200,1200,47平米,长沙县-万家丽北路,0,0,愿景山水湾S区租房(山水湾单身公寓出租)
201604,郡原广场,长沙,35000,35000,76平米,岳麓区-桐梓坡路,112.9359,28.2635,郡原广场租房(郡原广场临近步步高王府井湘雅医学院配套齐)
201604,共和世家,长沙,8800,8800,130平米,岳麓区-枫林一路,112.9305,28.21213,共和世家租房(共和世家临近金星地铁口上班族****)
201604,愿景山水湾S区,长沙,1400,1400,47平米,长沙县-万家丽北路,0,0,愿景山水湾S区租房(山水湾精装单身公寓出租)
201604,愿景山水湾S区,长沙,1400,1400,47平米,长沙县-万家丽北路,0,0,愿景山水湾S区租房(山水湾公寓房地铁口旁急租！！！)
201604,汇都公寓,长沙,2200,2200,106平米,雨花区-高桥,113.0372,28.15522,汇都公寓租房(旺旺医院  汇都公寓  精装3房)
201604,咸嘉花园,长沙,2000,2000,120平米,岳麓区-桐梓坡路,0,0,咸嘉花园租房(咸嘉新村临近步步高王府井上班族****设施齐)
201604,沁园春御院,长沙,2300,2300,87平米,岳麓区-桐梓坡路,112.936,28.22405,沁园春御院租房(沁园春御院临近步步高王府井欧式建筑)
201604,西点公园里,长沙,2200,2200,91平米,岳麓区-桐梓坡路,112.9374,28.22077,西点公园里租房(西点公园里公园式小区绿化面积80%装修精)
201604,沁园春御院,长沙,1800,1800,45平米,岳麓区-桐梓坡路,112.936,28.22405,沁园春御院租房(沁园春御院临近步步高王府井欧式建筑)
201604,博雅湘水湾一期,长沙,2600,2600,153平米,长沙县-泉塘,112.94542,28.23471,博雅湘水湾一期租房(【大房子】每人只要520博雅湘水湾大五房)
201604,愿景山水湾C区,长沙,2000,2000,89平米,长沙县-万家丽北路,0,0,愿景山水湾C区租房(山水湾精装小3房出租)
201604,愿景山水湾C区,长沙,1400,1400,89平米,长沙县-万家丽北路,0,0,愿景山水湾C区租房(山水湾精装2房出租)
201604,钰龙天下佳园,长沙,2200,2200,120平米,岳麓区-金星大道,112.9395,28.252,钰龙天下佳园租房(市府北长郡旁 精装高品格三房 低价出租)
201604,恒大华府,长沙,1800,1800,90平米,岳麓区-银盆岭,112.9408,28.24252,恒大华府租房(恒大华府 经典三居 舒适居住环境 )
201604,恒大华府,长沙,1900,1900,91平米,岳麓区-银盆岭,112.9408,28.24252,恒大华府租房(恒大华府 精装两房出租)
201604,钰龙天下佳园,长沙,1400,1400,84平米,岳麓区-金星大道,112.9395,28.252,钰龙天下佳园租房(钰龙天下 经典两房 鼎级性价比)
201604,钰龙天下佳园,长沙,2200,2200,78平米,岳麓区-金星大道,112.9395,28.252,钰龙天下佳园租房(市府北长郡旁 精装两房 舒适温馨畅意生活)
201604,卓越.蔚蓝海岸,长沙,1500,1500,65平米,岳麓区-市政府,112.9355,28.2425,卓越.蔚蓝海岸租房(卓越品质 阳光两房 陪读老人性价好房)
201604,钰龙天下佳园,长沙,1400,1400,66平米,岳麓区-金星大道,112.9395,28.252,钰龙天下佳园租房(钰龙天下 精装两房 首次出租)
201604,钰龙天下佳园,长沙,2500,2500,117平米,岳麓区-金星大道,112.9395,28.252,钰龙天下佳园租房(钰龙精装三房 舒适的居家体验感受 )
201604,钰龙天下佳园,长沙,2800,2800,115平米,岳麓区-金星大道,112.9395,28.252,钰龙天下佳园租房(钰龙豪装三房 鼎级居住感受 鼎级豪宅)
201604,红树湾,长沙,1200,1200,47平米,长沙县-万家丽北路,113.0514,28.25475,红树湾租房(红树湾精装单身公寓急租！！！)
201604,钰龙天下佳园,长沙,2000,2000,114平米,岳麓区-金星大道,112.9395,28.252,钰龙天下佳园租房(钰龙 出租精装次卧 1000一间 限女性)
201604,黄泥塘安置小区,长沙,2000,2000,82平米,岳麓区-汽车西站,112.9529,28.24499,黄泥塘安置小区租房(小区门面房 客厅宽敞 家电齐全)
201604,绿地中央广场,长沙,1500,1500,36平米,岳麓区-银盆岭,112.9228,28.22827,绿地中央广场租房(标准酒店式公寓 精装修 家电齐全 急租)
201604,奥克斯广场,长沙,2200,2200,83平米,岳麓区-银盆岭,112.9607,28.23152,奥克斯广场租房(【奥克斯】精装江景大两房 家电齐全。 )
201604,绿地中央广场,长沙,2100,2100,69平米,岳麓区-银盆岭,112.9228,28.22827,绿地中央广场租房(【绿地】精装两房 南北通透 家电齐全！)
201604,银馨家园,长沙,800,800,80平米,岳麓区-银盆岭,0,0,银馨家园租房(【银馨家园】银盆岭绿地商圈附近两房出租！)
201604,绿地中央广场,长沙,2500,2500,106平米,岳麓区-银盆岭,112.9228,28.22827,绿地中央广场租房(银盆岭周边绿地中央广场 精装三房拎包入住)
201604,绿地中央广场,长沙,1300,1300,45平米,岳麓区-银盆岭,112.9228,28.22827,绿地中央广场租房(精装酒店式公寓 南北通透 家电齐全 )
201604,奥克斯广场,长沙,3500,3500,108平米,岳麓区-银盆岭,112.9607,28.23152,奥克斯广场租房(奥克斯豪装三房出租！优质房源，拎包入住。)
201604,世茂.铂翠湾,长沙,3500,3500,108平米,岳麓区-滨江新城,112.9794,28.21348,世茂.铂翠湾租房(银盆岭周边 世茂铂翠湾  豪装大两房)
201604,中一九骏,长沙,1800,1800,55平米,岳麓区-梅溪湖,112.9305,28.21213,中一九骏租房(中一九骏临近金星路地铁口上班族****)
201604,红树湾,长沙,1200,1200,54平米,长沙县-万家丽北路,113.0514,28.25475,红树湾租房(红树湾精装正规一室一厅急租！！！)
201604,枫林家园,长沙,2200,2200,88平米,岳麓区-金星大道,112.9586,28.23782,枫林家园租房(银盆岭周边绿地附近  两室办公房用具齐全)
201604,佳兴国际汇广场,长沙,1500,1500,30平米,岳麓区-桐梓坡路,112.9408,28.21812,佳兴国际汇广场租房(佳兴国际汇临近金星路地铁口采光好居住舒适)
201604,钰龙天下佳园,长沙,1800,1800,86平米,岳麓区-金星大道,112.9395,28.252,钰龙天下佳园租房(钰龙天下 精装两房 陪读居家好房)
201604,恒大华府,长沙,1500,1500,36平米,岳麓区-银盆岭,112.9408,28.24252,恒大华府租房(恒大华府 精装公寓 带家具家电)
201604,卓越.蔚蓝海岸,长沙,1900,1900,90平米,岳麓区-市政府,112.9355,28.2425,卓越.蔚蓝海岸租房(卓越 精装三房 全新家具电器 首次出租)
201604,恒大华府,长沙,2000,2000,92平米,岳麓区-银盆岭,112.9408,28.24252,恒大华府租房(恒大华府 精装三房  享受豪宅生活)
201604,中天国际公寓,长沙,2600,2600,80平米,芙蓉区-芙蓉广场,0,0,中天国际公寓租房(中天国际公寓 精装空房 办公好房)
201604,钰龙天下佳园,长沙,2500,2500,95平米,岳麓区-金星大道,112.9395,28.252,钰龙天下佳园租房(市府北长郡旁 精装三房 享受畅意生活)
201604,钰龙天下佳园,长沙,2000,2000,104平米,岳麓区-金星大道,112.9395,28.252,钰龙天下佳园租房(钰龙天下 精装三房 随时拎包入住)
201604,恒大华府,长沙,2000,2000,90平米,岳麓区-银盆岭,112.9408,28.24252,恒大华府租房(恒大华府 精装三房 享受豪宅生活)
201604,新兴北京御园,长沙,2000,2000,133平米,岳麓区-市政府,112.9555,28.24721,新兴北京御园租房(北京御园 精装三房 办公培训好房)
201604,钰龙天下佳园,长沙,2000,2000,120平米,岳麓区-金星大道,112.9395,28.252,钰龙天下佳园租房(钰龙天下 精装三房 家具电器齐全)
201604,绿地中央广场,长沙,3400,3400,126平米,岳麓区-银盆岭,112.9228,28.22827,绿地中央广场租房(急租精装大三房 家电全齐 直接拎包入住)
201604,钰龙天下佳园,长沙,2200,2200,108平米,岳麓区-金星大道,112.9395,28.252,钰龙天下佳园租房(钰龙天下 精装三房 好房出租)
201604,钰龙天下佳园,长沙,1000,1000,114平米,岳麓区-金星大道,112.9395,28.252,钰龙天下佳园租房(钰龙天下 毛坯四房 靠马路 1000一月)
201604,咸嘉新村.嘉文苑,长沙,1800,1800,80平米,岳麓区-桐梓坡路,0,0,咸嘉新村.嘉文苑租房(咸嘉新村.嘉文苑 精装两房 低价出租)
201604,湘腾琴岛,长沙,2500,2500,91平米,岳麓区-金星大道,0,0,湘腾琴岛租房(湘腾琴岛高性价比 仅此一套)
201604,阳明山庄,长沙,1950,1950,110平米,岳麓区-枫林一路,0,0,阳明山庄租房(阳明山庄 精装三房 低价出租)
201604,郡原广场,长沙,3400,3400,130平米,岳麓区-桐梓坡路,112.9359,28.2635,郡原广场租房(郡原广场 豪华三房 心水居住感受)
201604,佳兴国际汇广场,长沙,2200,2200,41平米,岳麓区-桐梓坡路,112.9408,28.21812,佳兴国际汇广场租房(佳兴国际汇 豪华装修 享受豪宅 享受生活)
201604,钰龙天下佳园,长沙,2300,2300,118平米,岳麓区-金星大道,112.9395,28.252,钰龙天下佳园租房(钰龙天下 精装三房 舒适温馨好房)
201604,钰龙天下佳园,长沙,2000,2000,104平米,岳麓区-金星大道,112.9395,28.252,钰龙天下佳园租房(市府北 长郡旁 麦德龙商圈 办公居家)
201604,旭辉藏郡,长沙,2500,2500,88平米,岳麓区-金星大道,0,0,旭辉藏郡租房(旭辉藏郡 精装两房 特别适合陪读)
201604,钰龙天下佳园,长沙,2100,2100,78平米,岳麓区-金星大道,112.9395,28.252,钰龙天下佳园租房(市政府  麦德龙旁 精装家具齐全拎包即住)
201604,钰龙天下佳园,长沙,2200,2200,109平米,岳麓区-金星大道,112.9395,28.252,钰龙天下佳园租房(钰龙天下 精装三房 享受舒适生活)
201604,诚兴园,长沙,1800,1800,90平米,岳麓区-金星大道,112.9286,28.23374,诚兴园租房(步步高王府井商圈 精装三房)
201604,钰龙天下佳园,长沙,1800,1800,105平米,岳麓区-金星大道,112.9395,28.252,钰龙天下佳园租房(市府北 钰龙天下 精装空房  配家具家电)
201604,钰龙天下佳园,长沙,1600,1600,86平米,岳麓区-金星大道,112.9395,28.252,钰龙天下佳园租房(市府北 钰龙天下 精装两房 拎包即可入住)
201604,钰龙天下佳园,长沙,2000,2000,120平米,岳麓区-金星大道,112.9395,28.252,钰龙天下佳园租房(市府北 钰龙佳园 精装小三房  拎包入住)
201604,钰龙天下佳园,长沙,1800,1800,80平米,岳麓区-金星大道,112.9395,28.252,钰龙天下佳园租房(市府北长郡旁  精装两房 出租)
201604,钰龙天下佳园,长沙,2600,2600,95平米,岳麓区-金星大道,112.9395,28.252,钰龙天下佳园租房(市府北 钰龙天下 豪华三房 拎包即可入住)
201604,卓越.蔚蓝海岸,长沙,1900,1900,90平米,岳麓区-市政府,112.9355,28.2425,卓越.蔚蓝海岸租房(卓越蔚蓝海岸 精装阳光两房 鼎级性价比)
201604,谷山庭苑,长沙,1200,1200,73平米,岳麓区-麓谷,112.9507,28.21863,谷山庭苑租房(谷山庭苑 两室1200 精装空房)
201604,恒大华府,长沙,1800,1800,90平米,岳麓区-银盆岭,112.9408,28.24252,恒大华府租房(恒大华府 精装俩房 鼎级居住感受)
201604,钰龙天下佳园,长沙,2000,2000,98平米,岳麓区-金星大道,112.9395,28.252,钰龙天下佳园租房(钰龙精装三房 舒适的居家住所)
201604,钰龙天下佳园,长沙,2000,2000,104平米,岳麓区-金星大道,112.9395,28.252,钰龙天下佳园租房(钰龙陪读居家 家具电器齐全 拎包入住)
201604,钰龙天下佳园,长沙,2000,2000,78平米,岳麓区-金星大道,112.9395,28.252,钰龙天下佳园租房(钰龙陪读居家 温馨精装两房 温馨舒适)
201604,钰龙天下佳园,长沙,1900,1900,115平米,岳麓区-金星大道,112.9395,28.252,钰龙天下佳园租房(钰龙精装三房 性价比好房)
201604,钰龙天下佳园,长沙,1880,1880,78平米,岳麓区-金星大道,112.9395,28.252,钰龙天下佳园租房(钰龙  居家必租房 南北通透 户型周正 )
201604,高信向日葵园,长沙,2400,2400,98平米,岳麓区-市政府,112.9345,28.22215,高信向日葵园租房(高信向日葵-精致三房-地铁口-拎包即住)
201604,水云间,长沙,10000,10000,220平米,芙蓉区-火车站,113.0357,28.19335,水云间租房(人民东路地铁口 水云间别墅区 随时看房)
201604,泊爱蓝湾,长沙,2400,2400,86平米,芙蓉区-芙蓉区政府,113.0406,28.18745,泊爱蓝湾租房(钥匙房源 泊爱蓝湾 拎包入住 随时看房)
201604,上河国际商业广场国际公寓（B区）,长沙,2300,2300,90平米,雨花区-高桥,113.0301,28.18071,上河国际商业广场国际公寓（B区）租房(上河国际 精装商住两用房 拎包入住)
201604,鸿基橄榄君庭,长沙,2600,2600,95平米,雨花区-高桥,113.0457,28.20845,鸿基橄榄君庭租房(拎包入住 随时看房 家电齐全)
201604,钰龙天下佳园,长沙,2600,2600,118平米,岳麓区-金星大道,112.9395,28.252,钰龙天下佳园租房(长郡旁钰龙天下精装三房)
201604,郡原广场,长沙,2000,2000,76平米,岳麓区-桐梓坡路,112.9359,28.2635,郡原广场租房(郡原广场 精装公寓 适合白领、小资居住)
201604,郡原广场,长沙,35000,35000,76平米,岳麓区-桐梓坡路,112.9359,28.2635,郡原广场租房( 国外进口家具家电 奢华品质享受就等你来)
201604,长远.华樟名府,长沙,1100,1100,43平米,雨花区-窑岭,113.0301,28.18071,长远.华樟名府租房(芙蓉区政府对面 精装1房 拎包入住)
201604,郡原广场,长沙,1700,1700,50平米,岳麓区-桐梓坡路,112.9359,28.2635,郡原广场租房(郡原广场 温馨蜗居 适合小情侣居住)
201604,西点公园里,长沙,2400,2400,91平米,岳麓区-桐梓坡路,112.9374,28.22077,西点公园里租房(豪装两房 靠近王府井、步步高商圈 )
201604,咸嘉新村.嘉文苑,长沙,2000,2000,110平米,岳麓区-桐梓坡路,0,0,咸嘉新村.嘉文苑租房( 精装三房 靠近博才咸嘉学校适合陪读)
201604,美林银谷,长沙,2600,2600,122平米,岳麓区-市政府,112.9359,28.2635,美林银谷租房(美林银谷步步高王府井旁金星中路)
201604,咸嘉新村.嘉和苑,长沙,2800,2800,123平米,岳麓区-桐梓坡路,0,0,咸嘉新村.嘉和苑租房(河西王府井步步高商圈-精致三房-商住两用)
201604,天骄福邸,长沙,1500,1500,60平米,岳麓区-市政府,0,0,天骄福邸租房( 绿地 天骄福邸 商业中心地铁口写字楼办)
201604,长远.华樟名府,长沙,3000,3000,155平米,雨花区-窑岭,113.0301,28.18071,长远.华樟名府租房(长远华樟名府 精装五房 钥匙在手随时看房)
201604,长远.华樟名府,长沙,2800,2800,138平米,雨花区-窑岭,113.0301,28.18071,长远.华樟名府租房(长远华樟名府 精装四室 拎包入住138平)
201604,长远.华樟名府,长沙,1200,1200,45平米,雨花区-窑岭,113.0301,28.18071,长远.华樟名府租房(长远华樟名府 精装单身公寓 随时看房  )
201604,长远.华樟名府,长沙,1000,1000,40平米,雨花区-窑岭,113.0301,28.18071,长远.华樟名府租房(华樟名府 精装一居 单身公寓 拎包入住)
201604,泊爱蓝湾,长沙,2400,2400,86平米,芙蓉区-芙蓉区政府,113.0406,28.18745,泊爱蓝湾租房(芙蓉区政府 泊爱蓝湾 精装两居 钥匙在手)
201604,嘉银大厦（左岸&右岸）,长沙,1600,1600,50平米,雨花区-高桥,113.0288,28.18865,嘉银大厦（左岸&右岸）租房(芙蓉区政府左岸右岸 精装单身公寓等你入住)
201604,嘉银大厦（左岸&右岸）,长沙,1800,1800,55平米,雨花区-高桥,113.0288,28.18865,嘉银大厦（左岸&右岸）租房(芙蓉区政府 左岸右岸 精装  宜家一居)
201604,湘域熙岸花园,长沙,1500,1500,40平米,芙蓉区-芙蓉区政府,113.0481,28.19116,湘域熙岸花园租房(芙蓉区政府 地铁口 湘域熙岸 精装宜居 )
201604,西子一间,长沙,1800,1800,48平米,芙蓉区-芙蓉区政府,113.0352,28.18643,西子一间租房(芙蓉区政府精装西子一间 钥匙在手随时看房)
201604,西子花苑,长沙,2000,2000,89平米,雨花区-高桥,113.036,28.18332,西子花苑租房(芙蓉区政府 西子花苑 精装 宜居两室)
201604,西子花苑,长沙,3800,3800,140平米,雨花区-高桥,113.036,28.18332,西子花苑租房(芙蓉区政府 西子花苑 精装三居 拎包入住)
201604,宽寓大厦,长沙,8000,8000,140平米,芙蓉区-芙蓉区政府,113.0367,28.19521,宽寓大厦租房(芙蓉区政府 宽寓大厦 精装办公 140平)
201604,西子一间,长沙,1800,1800,50平米,芙蓉区-芙蓉区政府,113.0352,28.18643,西子一间租房(芙蓉区政府 西子一间  精装  单身公寓)
201604,西子一间,长沙,1700,1700,46平米,芙蓉区-芙蓉区政府,113.0352,28.18643,西子一间租房(芙蓉区政府西子一间 精装单身公寓等你入住)
201604,泊爱蓝湾,长沙,2500,2500,87平米,芙蓉区-芙蓉区政府,113.0406,28.18745,泊爱蓝湾租房(芙蓉区政府 泊爱蓝湾 豪装 两居 87平)
201604,东郡华城广场,长沙,2800,2800,90平米,芙蓉区-芙蓉区政府,113.0372,28.19322,东郡华城广场租房(芙蓉区政府 东郡华城 精装办公不容错过)
201604,同鑫嘉园,长沙,1400,1400,45平米,芙蓉区-马王堆,113.04129,28.21035,同鑫嘉园租房(古汉路东屯渡桥边 同鑫嘉园 全新精装修 )
201604,同鑫嘉园,长沙,1500,1500,40平米,芙蓉区-马王堆,113.04129,28.21035,同鑫嘉园租房(东屯渡桥边同鑫嘉园 全新精装修观景房)
201604,同鑫嘉园,长沙,1500,1500,45平米,芙蓉区-马王堆,113.04129,28.21035,同鑫嘉园租房(东屯渡桥边同鑫嘉园 精装  观景房)
201604,同鑫嘉园,长沙,1500,1500,42平米,芙蓉区-马王堆,113.04129,28.21035,同鑫嘉园租房(东屯渡桥边同鑫嘉园 精装观景一居 )
201604,同鑫嘉园,长沙,1500,1500,42平米,芙蓉区-马王堆,113.04129,28.21035,同鑫嘉园租房(同鑫嘉园 全新精装修 电梯 观景房   )
201604,达美d6区,长沙,2000,2000,45平米,岳麓区-梅溪湖,112.9245,28.19836,达美d6区租房(汽车西站 梅西湖畔 达美品质公寓出租)
201604,麓山枫情苑,长沙,2000,2000,90平米,岳麓区-汽车西站,112.916,28.21509,麓山枫情苑租房(岳麓区汽车西站麓山枫情梅溪湖东地铁口)
201604,同鑫嘉园,长沙,1500,1500,42平米,芙蓉区-马王堆,113.04129,28.21035,同鑫嘉园租房(同鑫嘉园 全新精装电梯房 带网络拎包入住)
201604,钰龙天下佳园,长沙,3200,3200,115平米,岳麓区-金星大道,112.9395,28.252,钰龙天下佳园租房(市府北 钰龙天下 精装3房 即刻拎包入住)
201604,芙蓉区市直教师一村,长沙,2100,2100,100平米,芙蓉区-杨家山,0,0,芙蓉区市直教师一村租房(芙蓉区政府 教师村  临近地铁口)
201604,钰龙天下佳园,长沙,2200,2200,78平米,岳麓区-金星大道,112.9395,28.252,钰龙天下佳园租房(市府北 钰龙精装两房 即刻拎包入住)
201604,钰龙天下佳园,长沙,2500,2500,117平米,岳麓区-金星大道,112.9395,28.252,钰龙天下佳园租房(市府北 钰龙精装三房 即可拎包入住)
201604,天骄福邸,长沙,1600,1600,60平米,岳麓区-市政府,0,0,天骄福邸租房(枫林美景 格局采光很好 家电齐全 居)
201604,湘域相遇,长沙,1800,1800,45平米,芙蓉区-杨家山,0,0,湘域相遇租房(火车站旁锦泰广场地铁口精装一房拎包入住)
201604,东玺门,长沙,2500,2500,90平米,芙蓉区-马王堆,113.0276,28.19733,东玺门租房(新上好房 东玺门 精装两房 业主首次出租)
201604,东方新城,长沙,2200,2200,126平米,芙蓉区-马王堆,113.0328,28.19749,东方新城租房(地铁口居家精装大三房业主自住拎包入住)
201604,百纳公寓,长沙,2500,2500,80平米,芙蓉区-马王堆,113.0373,28.20195,百纳公寓租房(双地铁口万家丽全新精装修 品牌家电全套)
201604,愿景山水湾S区,长沙,1500,1500,47平米,长沙县-万家丽北路,0,0,愿景山水湾S区租房(万家丽北路 精装公寓房 别墅风光带)
201604,东方新城,长沙,2500,2500,105平米,芙蓉区-马王堆,113.0328,28.19749,东方新城租房(地铁口东方新城低楼层经典三房居家拎包入住)
201604,西点公园里,长沙,2000,2000,90平米,岳麓区-桐梓坡路,112.9374,28.22077,西点公园里租房(河西王府井步步高商圈-西点公园里-精两房)
201604,恒大华府,长沙,1800,1800,90平米,岳麓区-银盆岭,112.9408,28.24252,恒大华府租房(市政府-恒大华府-精装三房-拎包即住)
201604,高鑫·麓城,长沙,2200,2200,88平米,岳麓区-桐梓坡路,112.9336,28.22793,高鑫·麓城租房(王府井步步高商圈-高鑫麓城-精装三房)
201604,东方新世界,长沙,3000,3000,130平米,雨花区-左家塘,113.0084,28.18306,东方新世界租房(东方新世界 全新家电 价格实惠 雅礼陪读)
201604,高鑫·麓城,长沙,3500,3500,158平米,岳麓区-桐梓坡路,112.9336,28.22793,高鑫·麓城租房(王府井步步高CBD商圈-豪四房-拎包即住)
201604,保利麓谷林语,长沙,1900,1900,90平米,岳麓区-麓谷,112.8835,28.22679,保利麓谷林语租房(保利麓谷林语-精致两房-拎包即住)
201604,西子湖畔沃府,长沙,2700,2700,147平米,岳麓区-金星大道,112.94,28.21838,西子湖畔沃府租房(西子湖畔沃府-地铁口-居家办公两用)
201604,西子湖畔沃府,长沙,2700,2700,147平米,岳麓区-金星大道,112.94,28.21838,西子湖畔沃府租房(西子湖畔沃府-精装四房-地铁口-居家商用)
201604,恩瑞麓山名园,长沙,2400,2400,125平米,岳麓区-金星大道,112.9379,28.24158,恩瑞麓山名园租房(恩瑞麓山名园-精装三房-地铁口-拎包即住)
201604,咸嘉新村.嘉文苑,长沙,2000,2000,94平米,岳麓区-桐梓坡路,0,0,咸嘉新村.嘉文苑租房(王府井步步高商圈-咸嘉新村-精装两房)
201604,百纳公寓,长沙,2200,2200,85平米,芙蓉区-马王堆,113.0373,28.20195,百纳公寓租房(双地铁口家电齐全通风采光好户型周正)
201604,宜居莱茵城,长沙,2000,2000,110平米,岳麓区-汽车西站,112.9152,28.23409,宜居莱茵城租房(宜居莱茵城-精装三房-交通方便-拎包即住)
201604,上河国际上城公寓（F区）,长沙,1300,1300,61平米,芙蓉区-其他,113.03546,28.18276,上河国际上城公寓（F区）租房(精装单身公寓家电齐全超大空间通风采光好)
201604,百纳公寓,长沙,2300,2300,85平米,芙蓉区-马王堆,113.0373,28.20195,百纳公寓租房(万家丽百纳公寓【精装两房】正地铁口)
201604,东郡华城广场,长沙,4200,4200,122平米,芙蓉区-芙蓉区政府,113.0372,28.19322,东郡华城广场租房(商住两用 全新装修 首次出租 聚财宝地)
201604,西子一间,长沙,1700,1700,47平米,芙蓉区-芙蓉区政府,113.0352,28.18643,西子一间租房(大润发附近 单身公寓 高档装修 家电齐全)
201604,沁园春御院,长沙,1750,1750,46平米,岳麓区-桐梓坡路,112.936,28.22405,沁园春御院租房(【急租】高性价比、拎包入住沁园春御院！！)
201604,东玺门,长沙,2200,2200,83平米,芙蓉区-马王堆,113.0276,28.19733,东玺门租房(新上好房 东玺门 精装两房 首次出租)
201604,东玺门,长沙,2700,2700,89平米,芙蓉区-马王堆,113.0276,28.19733,东玺门租房(新上好房 东玺门 精装两房  首次出租)
201604,东玺门,长沙,2600,2600,90平米,芙蓉区-马王堆,113.0276,28.19733,东玺门租房(新上好房 东玺门 精装三房 业主首租)
201604,曙光大邸,长沙,2500,2500,132平米,雨花区-左家塘,113.0077,28.17964,曙光大邸租房(曙光大邸家电齐全 拎包入住精装修雅礼陪读)
201604,枫林家园,长沙,1600,1600,48平米,岳麓区-金星大道,112.9586,28.23782,枫林家园租房(温馨公寓  期待您的入住)
201604,枫林家园,长沙,2800,2800,81平米,岳麓区-金星大道,112.9586,28.23782,枫林家园租房(温馨两房 期待您的入住)
201604,枫林家园,长沙,1700,1700,52平米,岳麓区-金星大道,112.9586,28.23782,枫林家园租房(温馨公寓 期待您的入住)
201604,枫林美景,长沙,2200,2200,133平米,岳麓区-银盆岭,112.9411,28.23951,枫林美景租房(枫林美景格局采光很好 家电齐全 拎包入住)
201604,枫林家园,长沙,1750,1750,56平米,岳麓区-金星大道,112.9586,28.23782,枫林家园租房(温馨公寓  期待您的入住)
201604,东玺门,长沙,3200,3200,145平米,芙蓉区-马王堆,113.0276,28.19733,东玺门租房(新上好房 东玺门 精装四房 业主首租)
201604,天骄福邸,长沙,2000,2000,80平米,岳麓区-市政府,0,0,天骄福邸租房(温馨两房  期待您的入住)
201604,天骄福邸,长沙,2400,2400,76平米,岳麓区-市政府,0,0,天骄福邸租房(温馨两房 期待您的入住)
201604,天骄福邸,长沙,2300,2300,130平米,岳麓区-市政府,0,0,天骄福邸租房(精装三房  温馨如家  期待您的入住)
201604,天骄福邸,长沙,2000,2000,90平米,岳麓区-市政府,0,0,天骄福邸租房(温馨两房  期待您的入住)
201604,银馨家园,长沙,1600,1600,80平米,岳麓区-银盆岭,0,0,银馨家园租房(全优房源 【银馨家园】银盆岭绿地商圈附))
201604,天骄福邸,长沙,2200,2200,90平米,岳麓区-市政府,0,0,天骄福邸租房(温馨两房 期待您的入住)
201604,银馨家园,长沙,2400,2400,120平米,岳麓区-银盆岭,0,0,银馨家园租房(全优房源 【银馨家园】银盆岭绿地商圈附近)
201604,东方新城,长沙,2800,2800,125平米,芙蓉区-马王堆,113.0328,28.19749,东方新城租房(万家丽地铁口东方新城四室三厅仅租2800)
201604,德政园醉心苑,长沙,2300,2300,110平米,芙蓉区-芙蓉区政府,113.02999,28.19094,德政园醉心苑租房(德政园绝版三房居家装修业主自住首次出租)
201604,鸿基橄榄君庭,长沙,2500,2500,98平米,雨花区-高桥,113.0457,28.20845,鸿基橄榄君庭租房(高桥商圈 芙蓉区政府 正地铁口拎包入住)
201604,鸿基橄榄君庭,长沙,2500,2500,90平米,雨花区-高桥,113.0457,28.20845,鸿基橄榄君庭租房(高桥商圈 芙蓉区政府 正地铁口 拎包入住)
201604,宽寓大厦,长沙,3000,3000,70平米,芙蓉区-芙蓉区政府,113.0367,28.19521,宽寓大厦租房(万家丽宽寓精装修公寓写字楼出租 户型方正)
201604,宽寓大厦,长沙,3200,3200,53.74平米,芙蓉区-芙蓉区政府,113.0367,28.19521,宽寓大厦租房(地铁口万家丽宽寓大厦 写字楼 精装修)
201604,东方银座,长沙,2000,2000,122平米,芙蓉区-马王堆,113.0283,28.20386,东方银座租房(火车站东方银座经典二房温馨住家精装全套)
201604,东方银座,长沙,1300,1300,45平米,芙蓉区-马王堆,113.0283,28.20386,东方银座租房(火车站东方银座经典一房温馨住家精装全套)
201604,新世纪家园(原新世纪安居苑),长沙,2300,2300,92平米,芙蓉区-马王堆,113.0322,28.18977,新世纪家园(原新世纪安居苑)租房(地铁口万家丽新世纪家园2室2厅92㎡居家)
201604,东方新城,长沙,2600,2600,120平米,芙蓉区-马王堆,113.0328,28.19749,东方新城租房(双地铁口学区房东方新城3室2厅120㎡)
201604,新世纪家园(原新世纪安居苑),长沙,3200,3200,136平米,芙蓉区-马王堆,113.0322,28.18977,新世纪家园(原新世纪安居苑)租房(双地铁口新世纪家园四室二厅136㎡精装修)
201604,银力家园,长沙,2600,2600,137平米,芙蓉区-马王堆,113.029,28.20954,银力家园租房(万家丽地铁口银力家园大三房二厅精装全套)
201604,银馨家园,长沙,2500,2500,120平米,岳麓区-银盆岭,0,0,银馨家园租房( 枫林美景这个房子的价钱是真的不贵了呢)
201604,奥克斯广场,长沙,3500,3500,108平米,岳麓区-银盆岭,112.9607,28.23152,奥克斯广场租房(奥克斯广场 精装三房低价出租)
201604,奥克斯广场,长沙,1800,1800,45平米,岳麓区-银盆岭,112.9607,28.23152,奥克斯广场租房(温馨单间  你值得拥有)
201604,奥克斯广场,长沙,2300,2300,73平米,岳麓区-银盆岭,112.9607,28.23152,奥克斯广场租房(豪装两房 低价出租 你还在犹豫什么？)
201604,枫林家园,长沙,1800,1800,50平米,岳麓区-金星大道,112.9586,28.23782,枫林家园租房(枫林美景家具齐全车库房精致装修 家具齐全)
201604,奥克斯广场,长沙,2500,2500,125平米,岳麓区-银盆岭,112.9607,28.23152,奥克斯广场租房(  奥克斯精装三房 首次出租)
201604,奥克斯广场,长沙,1600,1600,80平米,岳麓区-银盆岭,112.9607,28.23152,奥克斯广场租房(精装两房 低价出租)
201604,奥克斯广场,长沙,3000,3000,91平米,岳麓区-银盆岭,112.9607,28.23152,奥克斯广场租房(精装三房 首次出租 别再犹豫了)
201604,奥克斯广场,长沙,2500,2500,60平米,岳麓区-银盆岭,112.9607,28.23152,奥克斯广场租房(精装公寓 可办公)
201604,奥克斯广场,长沙,3500,3500,108平米,岳麓区-银盆岭,112.9607,28.23152,奥克斯广场租房(奥克斯精装三房  你还在等什么？)
201604,奥克斯广场,长沙,3800,3800,124平米,岳麓区-银盆岭,112.9607,28.23152,奥克斯广场租房(精装四房 适合一家人居住 温馨如家)
201604,高信向日葵园,长沙,2400,2400,84平米,岳麓区-市政府,112.9345,28.22215,高信向日葵园租房(高信向日葵园临近地铁口交通便捷拎包入住)
201604,奥克斯广场,长沙,2200,2200,50平米,岳麓区-银盆岭,112.9607,28.23152,奥克斯广场租房(豪装公寓 首次出租 温馨如家 你值得拥有)
201604,阿普阿布,长沙,3600,3600,106平米,岳麓区-市政府,0,0,阿普阿布租房(阿普阿布临近地铁口交通便捷拎包入住)
201604,观湖公寓(观湖二号),长沙,1600,1600,70平米,岳麓区-麓谷,112.944,28.21682,观湖公寓(观湖二号)租房(观湖公寓临近步步高王府井地铁口)
201604,佳兴国际汇广场,长沙,2700,2700,72平米,岳麓区-桐梓坡路,112.9408,28.21812,佳兴国际汇广场租房(佳兴国际汇临近步步高王府井地铁口)
201604,枫林绿洲,长沙,2000,2000,120平米,岳麓区-金星大道,112.9578,28.24143,枫林绿洲租房(枫林绿洲房子采光非常好室内非常干净舒适)
201604,沁园春御院,长沙,2500,2500,120平米,岳麓区-桐梓坡路,112.936,28.22405,沁园春御院租房(沁园春御院步步高王府井旁桐梓坡)
201604,绿地中央广场,长沙,1600,1600,36平米,岳麓区-银盆岭,112.9228,28.22827,"绿地中央广场租房(,银盆岭绿地中央广场,欧式豪装实用实惠稀)"
201604,绿地中央广场,长沙,2100,2100,104平米,岳麓区-银盆岭,112.9228,28.22827,绿地中央广场租房(银盆岭绿地 全实木家具高档小区环境优美)
201604,绿地中央广场,长沙,1500,1500,36平米,岳麓区-银盆岭,112.9228,28.22827,"绿地中央广场租房(欧式豪装实用实惠稀缺,银盆岭绿地中央广场)"
201604,高信向日葵园,长沙,3500,3500,128平米,岳麓区-市政府,112.9345,28.22215,高信向日葵园租房(高新向日葵 豪装三房 靠近2号线地铁口)
201604,沁园春御院,长沙,2000,2000,45平米,岳麓区-桐梓坡路,112.936,28.22405,沁园春御院租房(沁园春御院 精装公寓 对面就是王府井)
201604,恒大华府,长沙,1380,1380,55平米,岳麓区-银盆岭,112.9408,28.24252,恒大华府租房(市府北 恒大华府 正规一室一厅出租)
201604,钰龙天下佳园,长沙,1800,1800,78平米,岳麓区-金星大道,112.9395,28.252,钰龙天下佳园租房(长郡中学旁钰龙天下精装两房)
201604,钰龙天下佳园,长沙,2200,2200,124平米,岳麓区-金星大道,112.9395,28.252,钰龙天下佳园租房(长郡旁钰龙天下精装三房，业主会换家具的)
201604,钰龙天下佳园,长沙,1800,1800,86平米,岳麓区-金星大道,112.9395,28.252,钰龙天下佳园租房(市府北钰龙天下精装两房)
201604,咸嘉新村.西子园,长沙,2200,2200,108平米,岳麓区-桐梓坡路,0,0,咸嘉新村.西子园租房(靠近银双路 紧邻王府井商圈 适合居家)
201604,钰龙天下佳园,长沙,2000,2000,116平米,岳麓区-金星大道,112.9395,28.252,钰龙天下佳园租房(市府北长郡旁钰龙天下精装3房)
201604,钰龙天下佳园,长沙,2100,2100,135平米,岳麓区-金星大道,112.9395,28.252,钰龙天下佳园租房(长郡旁钰龙天下精装三房)
201604,钰龙天下佳园,长沙,2500,2500,118平米,岳麓区-金星大道,112.9395,28.252,钰龙天下佳园租房(长郡双语中学旁边钰龙天下精装三房)
201604,钰龙天下佳园,长沙,2300,2300,116平米,岳麓区-金星大道,112.9395,28.252,钰龙天下佳园租房(市府北麦德龙商圈钰龙天下长郡陪读三房)
201604,恒大华府,长沙,1500,1500,55平米,岳麓区-银盆岭,112.9408,28.24252,恒大华府租房(市府北恒大华府精装一室一厅)
201604,钰龙天下佳园,长沙,1700,1700,78平米,岳麓区-金星大道,112.9395,28.252,钰龙天下佳园租房(长郡旁钰龙天下精装两房)
201604,钰龙天下佳园,长沙,2200,2200,116平米,岳麓区-金星大道,112.9395,28.252,钰龙天下佳园租房(麦德龙商圈钰龙天下精装三房)
201604,恒大华府,长沙,1200,1200,38平米,岳麓区-银盆岭,112.9408,28.24252,恒大华府租房(麦德龙旁恒大华府精装一室一厅)
201604,新兴北京御园,长沙,2200,2200,138平米,岳麓区-市政府,112.9555,28.24721,新兴北京御园租房(长郡旁北京御园精装三房)
201604,新兴北京御园,长沙,1700,1700,90平米,岳麓区-市政府,112.9555,28.24721,新兴北京御园租房(长郡旁北京御园精装小三房)
201604,新兴北京御园,长沙,2200,2200,144平米,岳麓区-市政府,112.9555,28.24721,新兴北京御园租房(区政府北长郡旁北京御园精装三房)
201604,新兴北京御园,长沙,2000,2000,144平米,岳麓区-市政府,112.9555,28.24721,新兴北京御园租房(区政府北北京御园精装三房)
201604,新兴北京御园,长沙,1900,1900,88平米,岳麓区-市政府,112.9555,28.24721,新兴北京御园租房(市府北长郡旁北京御园精装小三房)
201604,湘域熙岸花园,长沙,2500,2500,85平米,芙蓉区-芙蓉区政府,113.0481,28.19116,湘域熙岸花园租房(人民东路地铁口 湘域熙岸 浏阳河风光带)
201604,水云间,长沙,8888,8888,252平米,芙蓉区-火车站,113.0357,28.19335,水云间租房(浏阳河旁 水云间 带中央空调 拎包入住)
201604,仁和.香堤雅境,长沙,2800,2800,136平米,芙蓉区-芙蓉区政府,113.0357,28.19335,仁和.香堤雅境租房(人民东路地铁口 仁和香提雅镜 拎包入住 )
201604,泊爱蓝湾,长沙,2400,2400,87平米,芙蓉区-芙蓉区政府,113.0406,28.18745,泊爱蓝湾租房(旺旺医院旁 泊爱蓝湾 精装两房 拎包入住)
201604,世嘉国际华城一期,长沙,2600,2600,88平米,芙蓉区-火车站,113.0442,28.19085,世嘉国际华城一期租房(人民动力地铁口 世嘉国际华城 首次出租)
201604,仁和.香堤雅境,长沙,2800,2800,130平米,芙蓉区-芙蓉区政府,113.0357,28.19335,仁和.香堤雅境租房(浏阳河风光带 仁和香提雅境 拎包入住 )
201604,仁和.香堤雅境,长沙,4200,4200,148平米,芙蓉区-芙蓉区政府,113.0357,28.19335,仁和.香堤雅境租房(正地铁房 仁和香提雅境 豪装四房 )
201604,星城世家(原东方城),长沙,10000,10000,480平米,芙蓉区-芙蓉区政府,113.0422,28.19046,星城世家(原东方城)租房(芙蓉区政府旁 星城世家 正地铁口房   )
201604,嘉银大厦（左岸&右岸）,长沙,1700,1700,55平米,雨花区-高桥,113.0288,28.18865,嘉银大厦（左岸&右岸）租房(万家丽旁 左岸右岸 豪装一房 钥匙在手)
201604,鸿基橄榄君庭,长沙,2300,2300,90平米,雨花区-高桥,113.0457,28.20845,鸿基橄榄君庭租房(高性价比房源 橄榄君庭 钥匙房源 随时看)
201604,星城世家(原东方城),长沙,5000,5000,239.05平米,芙蓉区-芙蓉区政府,113.0422,28.19046,星城世家(原东方城)租房(人民东路地铁口 星城世家 精装办公好房 )
201604,鸿基橄榄君庭,长沙,2500,2500,92平米,雨花区-高桥,113.0457,28.20845,鸿基橄榄君庭租房(芙蓉区政府对面 橄榄君厅 家电齐全 )
201604,银馨家园,长沙,2200,2200,100平米,岳麓区-银盆岭,0,0,银馨家园租房(银盆岭奥克斯绿地银馨家园 中装三房)
201604,盛大泽西城,长沙,2200,2200,123平米,岳麓区-市政府,112.9518,28.23213,盛大泽西城租房(银盆岭红星美凯龙对面盛大泽西城 精装3房)
201604,沁园春御院,长沙,2200,2200,72平米,岳麓区-桐梓坡路,112.936,28.22405,沁园春御院租房(河西王府井步步高商圈-精装一房-拎包即住)
201604,咸嘉新村.嘉和苑,长沙,1600,1600,41.8平米,岳麓区-桐梓坡路,0,0,咸嘉新村.嘉和苑租房(河西王府井步步高商圈-精装一房-拎包即住)
201604,QQ生活馆,长沙,1400,1400,53平米,雨花区-左家塘,113.0087,28.18943,QQ生活馆租房(左家塘QQ生活馆高档温馨装修 谁住谁知道)
201604,恩瑞麓山名园,长沙,2200,2200,110平米,岳麓区-金星大道,112.9379,28.24158,恩瑞麓山名园租房(恩瑞麓山名园-精装三房-地铁口-拎包即住)
201604,麓山枫情苑,长沙,1900,1900,45平米,岳麓区-汽车西站,112.916,28.21509,麓山枫情苑租房(岳麓区汽车西站麓山枫情梅溪湖东地铁口)
201604,达美d6区,长沙,2600,2600,100平米,岳麓区-梅溪湖,112.9245,28.19836,达美d6区租房(岳麓区汽车西站达美D6区小区环境好地铁口)
201604,钰龙天下佳园,长沙,2500,2500,95平米,岳麓区-金星大道,112.9395,28.252,钰龙天下佳园租房(市府北长郡旁豪装三房)
201604,鸿基橄榄君庭,长沙,2200,2200,98平米,雨花区-高桥,113.0457,28.20845,鸿基橄榄君庭租房(橄榄君庭低价三房 地铁口 只租2200 )
201604,鸿基橄榄君庭,长沙,2500,2500,90平米,雨花区-高桥,113.0457,28.20845,鸿基橄榄君庭租房(橄榄君庭精装两居 地铁口 你喜欢的房子)
201604,凯乐湘园二期,长沙,2000,2000,90平米,芙蓉区-芙蓉区政府,113.0449,28.18753,凯乐湘园二期租房(凯乐湘园精装两居室 正地铁口 低价出租)
201604,同鑫嘉园,长沙,1500,1500,42平米,芙蓉区-马王堆,113.04129,28.21035,同鑫嘉园租房(同鑫家园 精装修 首次出租)
201604,友园山庄,长沙,1000,1000,60平米,天心区-友谊路,0,0,友园山庄租房(友园山庄，超便宜两房南北通透，拎包入住。)
201604,鑫天山水洲城,长沙,2400,2400,138平米,天心区-友谊路,113.0065,28.13076,鑫天山水洲城租房(鑫天山水洲城，精装三房四台空调拎包入住)
201604,星语林名园,长沙,1300,1300,45平米,天心区-友谊路,113.0094,28.13102,星语林名园租房(天心区友谊路，星语林精装一房，拎包入住。)
201604,嘉银大厦（左岸&右岸）,长沙,1700,1700,55平米,雨花区-高桥,113.0288,28.18865,嘉银大厦（左岸&右岸）租房(左岸右岸豪装一房 看了会喜欢)
201604,恒大华府,长沙,2800,2800,92平米,岳麓区-银盆岭,112.9408,28.24252,恒大华府租房(靠近麓山国际小学)
201604,达美d6区,长沙,1800,1800,35平米,岳麓区-梅溪湖,112.9245,28.19836,达美d6区租房(汽车西站高级白领公寓出租)
201604,西湘郡邸（兰卡威国际公寓）,长沙,1450,1450,41平米,岳麓区-银盆岭,112.9603,28.23149,西湘郡邸（兰卡威国际公寓）租房(奥克斯 兰卡威 单身一房 东西齐全)
201604,恒大华府,长沙,2500,2500,91平米,岳麓区-银盆岭,112.9408,28.24252,恒大华府租房(恒大华府 居家三房 可陪读 家具家电全齐)
201604,兰亭都荟,长沙,2600,2600,92平米,岳麓区-银盆岭,112.95253,28.22821,兰亭都荟租房(奥克斯金色山庄旁 兰亭都荟 精装三房全齐)
201604,恒大华府,长沙,2000,2000,92平米,岳麓区-银盆岭,112.9408,28.24252,恒大华府租房(钰龙天下旁 恒大华府 精装两房 可以陪读)
201604,恒大华府,长沙,1300,1300,35平米,岳麓区-银盆岭,112.9408,28.24252,恒大华府租房(市政府 恒大华府 精装公寓一房 东西齐全)
201604,西江庭院,长沙,2400,2400,118平米,岳麓区-市政府,112.9578,28.24143,西江庭院租房(精装家电齐全三房)
201604,恒大华府,长沙,1300,1300,36平米,岳麓区-银盆岭,112.9408,28.24252,恒大华府租房(市政府 恒大华府 精装温馨一房 有厨房)
201604,恒大华府,长沙,1700,1700,85平米,岳麓区-银盆岭,112.9408,28.24252,恒大华府租房(市政府 麦德龙恒大华府 温馨两房全齐家具)
201604,星蓝湾小区,长沙,4000,4000,143平米,岳麓区-银盆岭,112.9602,28.23246,星蓝湾小区租房(银盆岭奥克斯 星蓝湾 大四房 地段好出入)
201604,恒大华府,长沙,1200,1200,35平米,岳麓区-银盆岭,112.9408,28.24252,恒大华府租房(长郡双语中学 恒大华府 精装温馨小一房)
201604,绿地中央广场,长沙,1400,1400,36平米,岳麓区-银盆岭,112.9228,28.22827,绿地中央广场租房(奥克斯 绿地中央广场 温情的情侣一房等你)
201604,香海西岸,长沙,2000,2000,93平米,岳麓区-银盆岭,112.9564,28.27113,香海西岸租房(奥克斯星蓝湾旁 香海西岸 精装两房 全齐)
201604,恒大华府,长沙,2400,2400,90平米,岳麓区-银盆岭,112.9408,28.24252,恒大华府租房(长郡双语中学 恒大华府 精装全齐家具家电)
201604,绿地中央广场,长沙,3000,3000,96.57平米,岳麓区-银盆岭,112.9228,28.22827,绿地中央广场租房(奥克斯 绿地中央广场 精装三房 居家出租)
201604,绿地中央广场,长沙,2800,2800,113平米,岳麓区-银盆岭,112.9228,28.22827,绿地中央广场租房(银盆岭 绿地中央广场 精装三房 拎包入住)
201604,绿地中央广场,长沙,1600,1600,34平米,岳麓区-银盆岭,112.9228,28.22827,绿地中央广场租房(银盆岭 绿地中央广场 精装温馨情侣房)
201604,绿地中央广场,长沙,6900,6900,115平米,岳麓区-银盆岭,112.9228,28.22827,绿地中央广场租房(奥克斯 绿地中央广场 纯写字楼出租)
201604,绿地中央广场,长沙,20700,20700,345平米,岳麓区-银盆岭,112.9228,28.22827,绿地中央广场租房(奥克斯 绿地中央广场 纯写字楼急租)
201604,绿地中央广场,长沙,1600,1600,36平米,岳麓区-银盆岭,112.9228,28.22827,绿地中央广场租房(奥克斯 绿地中央广场 精装温馨一房 全齐)
201604,绿地中央广场,长沙,3200,3200,105平米,岳麓区-银盆岭,112.9228,28.22827,绿地中央广场租房(银盆岭 绿地中央广场 温馨居家三房 南北)
201604,绿地中央广场,长沙,1500,1500,36平米,岳麓区-银盆岭,112.9228,28.22827,绿地中央广场租房(银盆岭 绿地中央广场 家电全齐一房)
201604,绿地中央广场,长沙,1600,1600,36平米,岳麓区-银盆岭,112.9228,28.22827,绿地中央广场租房(奥克斯 绿地中央广场 温馨一房 家电全齐)
201604,绿地中央广场,长沙,1550,1550,36平米,岳麓区-银盆岭,112.9228,28.22827,绿地中央广场租房(温馨的小家之旅就在 银盆岭 绿地中央广场)
201604,绿地中央广场,长沙,1600,1600,36平米,岳麓区-银盆岭,112.9228,28.22827,绿地中央广场租房(银盆岭 绿地中央广场 温馨的小爱之家)
201604,绿地中央广场,长沙,2200,2200,67平米,岳麓区-银盆岭,112.9228,28.22827,绿地中央广场租房(奥克斯 绿地中央广场 精致小两房 全齐)
201604,绿地中央广场,长沙,1500,1500,36平米,岳麓区-银盆岭,112.9228,28.22827,绿地中央广场租房(奥克斯 绿地中央广场 温馨的小家享受)
201604,绿地中央广场,长沙,2100,2100,69平米,岳麓区-银盆岭,112.9228,28.22827,绿地中央广场租房(小两房 靠近奥克斯 离地铁口近 绿地小区)
201604,绿地中央广场,长沙,2600,2600,96平米,岳麓区-银盆岭,112.9228,28.22827,绿地中央广场租房(绿地中央广场精装三房 你值得拥有)
201604,绿地中央广场,长沙,1500,1500,36平米,岳麓区-银盆岭,112.9228,28.22827,绿地中央广场租房(奥克斯 绿地中央广场 精装一房全齐家电)
201604,绿地中央广场,长沙,2500,2500,100平米,岳麓区-银盆岭,112.9228,28.22827,绿地中央广场租房(找精装三房 环境好 小区好安保好就在绿地)
201604,绿地中央广场,长沙,1500,1500,36平米,岳麓区-银盆岭,112.9228,28.22827,绿地中央广场租房(银盆岭 绿地中央广场 温馨一房全齐家电)
201604,绿地中央广场,长沙,2100,2100,69平米,岳麓区-银盆岭,112.9228,28.22827,绿地中央广场租房(奥克斯 绿地中央广场 精装两房 全齐家电)
201604,绿地中央广场,长沙,1500,1500,33平米,岳麓区-银盆岭,112.9228,28.22827,绿地中央广场租房(银盆岭 绿地中央广场 精装温馨一房 全齐)
201604,绿地中央广场,长沙,2500,2500,96平米,岳麓区-银盆岭,112.9228,28.22827,绿地中央广场租房(银盆岭 奥克斯绿地中央广场 精装三房全齐)
201604,绿地中央广场,长沙,3500,3500,132平米,岳麓区-银盆岭,112.9228,28.22827,绿地中央广场租房(高档居家温馨装修 银盆岭的绿地中央广场)
201604,绿地中央广场,长沙,1500,1500,36平米,岳麓区-银盆岭,112.9228,28.22827,绿地中央广场租房(市政府 奥克斯绿地中央广场 全齐精装一房)
201604,绿地中央广场,长沙,1700,1700,36平米,岳麓区-银盆岭,112.9228,28.22827,绿地中央广场租房(市政府 奥克斯绿地中央广场 全齐地中海一)
201604,绿地中央广场,长沙,3200,3200,96平米,岳麓区-银盆岭,112.9228,28.22827,绿地中央广场租房(银盆岭 绿地中央广场 豪装居家带车位三房)
201604,星蓝湾小区,长沙,2100,2100,126平米,岳麓区-银盆岭,112.9602,28.23246,星蓝湾小区租房(银盆岭绿地中央广场对面 星蓝湾 精装三房)
201604,绿地中央广场,长沙,1600,1600,36平米,岳麓区-银盆岭,112.9228,28.22827,绿地中央广场租房(奥克斯 绿地中央广场 精装单身情侣房)
201604,星蓝湾小区,长沙,2400,2400,126平米,岳麓区-银盆岭,112.9602,28.23246,星蓝湾小区租房(奥克斯 绿地对面 星蓝湾 大三房可合租)
201604,星蓝湾小区,长沙,2200,2200,125平米,岳麓区-银盆岭,112.9602,28.23246,星蓝湾小区租房(银盆岭奥克斯 星蓝湾精装三房)
201604,枫林美景,长沙,1800,1800,96平米,岳麓区-银盆岭,112.9411,28.23951,枫林美景租房(奥克斯绿地中央广场附近 精装三房)
201604,麓江春,长沙,1800,1800,90平米,岳麓区-银盆岭,112.9572,28.23085,麓江春租房(奥克斯附近 精装两房 性价比高 )
201604,绿地中央广场,长沙,20000,20000,271平米,岳麓区-银盆岭,112.9228,28.22827,绿地中央广场租房(绿地中央广场 好地段 好房子 发财之地)
201604,绿地中央广场,长沙,2300,2300,70平米,岳麓区-银盆岭,112.9228,28.22827,绿地中央广场租房(绿地中央广场精装两房 期待您的入住)
201604,麓江春,长沙,1800,1800,89平米,岳麓区-银盆岭,112.9572,28.23085,麓江春租房(奥克斯附近 精装两房 您值得拥有)
201604,友园山庄,长沙,1000,1000,60平米,天心区-友谊路,0,0,友园山庄租房(天心区木莲西路友园山庄好房出租)
201604,麓江春,长沙,2200,2200,100平米,岳麓区-银盆岭,112.9572,28.23085,麓江春租房(奥克斯附近 精装两房 期待有缘人的入住)
201604,西湘郡邸（兰卡威国际公寓）,长沙,1450,1450,41平米,岳麓区-银盆岭,112.9603,28.23149,西湘郡邸（兰卡威国际公寓）租房(温馨公寓期待有缘人入住)
201604,西湘郡邸（兰卡威国际公寓）,长沙,1350,1350,42平米,岳麓区-银盆岭,112.9603,28.23149,西湘郡邸（兰卡威国际公寓）租房(温馨公寓 期待有缘人的入住)
201604,西湘郡邸（兰卡威国际公寓）,长沙,1400,1400,34平米,岳麓区-银盆岭,112.9603,28.23149,西湘郡邸（兰卡威国际公寓）租房(温馨单间期待有缘人的入住)
201604,奥克斯广场,长沙,2500,2500,70平米,岳麓区-银盆岭,112.9607,28.23152,"奥克斯广场租房(银盆岭奥克斯广场中美式精装,您应该拥有》)"
201604,天天向上,长沙,2600,2600,116平米,天心区-省政府,112.9804,28.13837,天天向上租房(天心区友谊路天天向上明厨明卫中间楼层)
201604,西湘郡邸（兰卡威国际公寓）,长沙,1500,1500,36平米,岳麓区-银盆岭,112.9603,28.23149,西湘郡邸（兰卡威国际公寓）租房(温馨公寓期待有缘人的入住)
201604,枫林美景,长沙,2000,2000,90平米,岳麓区-银盆岭,112.9411,28.23951,枫林美景租房(奥克斯附近 精装两房 温馨如家)
201604,枫林美景,长沙,2000,2000,90平米,岳麓区-银盆岭,112.9411,28.23951,枫林美景租房(精装两房  温馨如家 期待有缘人的入住)
201604,世茂.铂翠湾,长沙,2400,2400,90平米,岳麓区-滨江新城,112.9794,28.21348,世茂.铂翠湾租房(奥克斯附近 精装三房 小区环境优美)
201604,西湘郡邸（兰卡威国际公寓）,长沙,20000,20000,440平米,岳麓区-银盆岭,112.9603,28.23149,西湘郡邸（兰卡威国际公寓）租房(黄金地段精装办公楼 做生意的发财之地)
201604,世茂.铂翠湾,长沙,2500,2500,94平米,岳麓区-滨江新城,112.9794,28.21348,世茂.铂翠湾租房(精装三房 温馨如家 期待有缘人的入住)
201604,世茂.铂翠湾,长沙,2500,2500,83平米,岳麓区-滨江新城,112.9794,28.21348,世茂.铂翠湾租房(精装三房 温馨如家 期待您的入住)
201604,世茂.铂翠湾,长沙,2300,2300,82平米,岳麓区-滨江新城,112.9794,28.21348,世茂.铂翠湾租房(精装两房 温馨如家 期待您的光临)
201604,天骄福邸,长沙,2800,2800,112平米,岳麓区-市政府,0,0,天骄福邸租房(绿地中央广场附边温馨大三房 拎包自住 )
201604,世茂.铂翠湾,长沙,2200,2200,84平米,岳麓区-滨江新城,112.9794,28.21348,世茂.铂翠湾租房(精装两房 温馨如家 欢迎您的入住)
201604,世茂.铂翠湾,长沙,2500,2500,100平米,岳麓区-滨江新城,112.9794,28.21348,世茂.铂翠湾租房(精装三房 小区环境优美 期待您的入住)
201604,愿景山水湾S区,长沙,1400,1400,48平米,长沙县-万家丽北路,0,0,愿景山水湾S区租房(特价租房，精装全套)
201604,美联天骄城,长沙,1600,1600,57平米,芙蓉区-马王堆,113.0364,28.18278,美联天骄城租房(高桥大市场旁 美联天骄城 精装单间)
201604,枫林美景,长沙,2100,2100,150平米,岳麓区-银盆岭,112.9411,28.23951,枫林美景租房(银盆岭枫林美景中装超大房（可商住两用）)
201604,名都花园,长沙,2800,2800,95平米,雨花区-东塘,113.0092,28.16998,名都花园租房(东塘商圈名都花园电梯豪华精装自住两房)
201604,美联天骄城,长沙,1600,1600,57平米,芙蓉区-马王堆,113.0364,28.18278,美联天骄城租房(美联天娇城沃尔玛斜对面温馨的粉色小单间)
201604,愿景山水湾S区,长沙,1400,1400,47平米,长沙县-万家丽北路,0,0,愿景山水湾S区租房(山水湾全新中装！！)
201604,西江庭院,长沙,2500,2500,118平米,岳麓区-市政府,112.9578,28.24143,西江庭院租房(地铁口旁边  精装大三房)
201604,美联天骄城,长沙,1500,1500,53平米,芙蓉区-马王堆,113.0364,28.18278,美联天骄城租房(美联天娇城高桥商圈沃尔玛斜对面万家丽路旁)
201604,恒大华府,长沙,1500,1500,82平米,岳麓区-银盆岭,112.9408,28.24252,恒大华府租房(恒大华府环境舒适)
201604,恒大华府,长沙,1800,1800,90平米,岳麓区-银盆岭,112.9408,28.24252,恒大华府租房(离麓山国际小学近)
201604,鸿基橄榄君庭,长沙,3500,3500,120平米,雨花区-高桥,113.0457,28.20845,鸿基橄榄君庭租房(芙蓉区政府 橄榄君庭 温馨4房 便宜出租)
201604,泊爱蓝湾,长沙,1800,1800,78平米,芙蓉区-芙蓉区政府,113.0406,28.18745,泊爱蓝湾租房(芙蓉区政府 泊爱蓝湾 精装2房 温馨宜居)
201604,东方新城,长沙,2200,2200,85平米,芙蓉区-马王堆,113.0328,28.19749,东方新城租房(芙蓉区 东方新城 万家丽广场 温馨宜居 )
201604,天下一家华府,长沙,2500,2500,86平米,芙蓉区-杨家山,113.0202,28.14644,天下一家华府租房(芙蓉区 天下一家华府 温馨宜居两房)
201604,天下一家华府,长沙,2600,2600,96平米,芙蓉区-杨家山,113.0202,28.14644,天下一家华府租房(芙蓉区 天下一家嘉园 阳光通透2房出租)
201604,东玺门,长沙,2600,2600,89平米,芙蓉区-马王堆,113.0276,28.19733,东玺门租房(万家丽广场 东玺门 地铁口温馨便宜3房)
201604,东郡华城广场,长沙,4500,4500,122平米,芙蓉区-芙蓉区政府,113.0372,28.19322,东郡华城广场租房(芙蓉区政府 东郡华城广场商住两用交通便利)
201604,宽寓大厦,长沙,3200,3200,53.74平米,芙蓉区-芙蓉区政府,113.0367,28.19521,宽寓大厦租房(芙蓉区政府 宽寓大夏 商住两用采光 通透)
201604,德政园聚心苑,长沙,1900,1900,91平米,芙蓉区-芙蓉区政府,113.0284,28.19257,德政园聚心苑租房(芙蓉区政府 德政园聚心苑 温馨宜居两房 )
201604,水云间,长沙,10000,10000,220平米,芙蓉区-火车站,113.0357,28.19335,水云间租房(芙蓉区政府 水云间 豪装4房出租 地铁口)
201604,湘域熙岸花园,长沙,2500,2500,85平米,芙蓉区-芙蓉区政府,113.0481,28.19116,湘域熙岸花园租房(芙蓉区政府 湘域熙岸 花园小区 正地铁口)
201604,东郡华城广场,长沙,2800,2800,90平米,芙蓉区-芙蓉区政府,113.0372,28.19322,东郡华城广场租房(万家丽 东郡华城广场 地铁口 温馨两房)
201604,西子一间,长沙,1700,1700,50平米,芙蓉区-芙蓉区政府,113.0352,28.18643,西子一间租房(芙蓉区政府 西子一间 精装1房 温馨宜居)
201604,泊爱蓝湾,长沙,2000,2000,65平米,芙蓉区-芙蓉区政府,113.0406,28.18745,泊爱蓝湾租房(芙蓉区政府 泊爱蓝湾 精装两房 温馨宜居)
201604,东郡华城广场,长沙,2800,2800,95平米,芙蓉区-芙蓉区政府,113.0372,28.19322,东郡华城广场租房(万家丽 东郡华城广场 地铁口 温馨宜居)
201604,西子一间,长沙,1800,1800,50平米,芙蓉区-芙蓉区政府,113.0352,28.18643,西子一间租房(芙蓉区政府 西子一间豪华一室 万家丽附近)
201604,世嘉国际华城一期,长沙,4500,4500,122平米,芙蓉区-火车站,113.0442,28.19085,世嘉国际华城一期租房(芙蓉区政府 世嘉一期 正地铁口 办公房)
201604,泊爱蓝湾,长沙,2700,2700,86平米,芙蓉区-芙蓉区政府,113.0406,28.18745,泊爱蓝湾租房(芙蓉区政府 泊爱蓝湾 豪华两室 精装)
201604,泊爱蓝湾,长沙,2500,2500,87平米,芙蓉区-芙蓉区政府,113.0406,28.18745,泊爱蓝湾租房(芙蓉区政府 泊爱蓝湾 豪华两室出租 )
201604,湘域熙岸花园,长沙,2800,2800,85平米,芙蓉区-芙蓉区政府,113.0481,28.19116,湘域熙岸花园租房(湘域熙岸花园 正地铁口 花园小区温馨住宅)
201604,世茂.铂翠湾,长沙,2500,2500,100平米,岳麓区-滨江新城,112.9794,28.21348,世茂.铂翠湾租房(精装三房温馨如家 期待您的入住)
201604,星城世家(原东方城),长沙,3500,3500,128平米,芙蓉区-芙蓉区政府,113.0422,28.19046,星城世家(原东方城)租房(芙蓉区政府 星城世家 正地铁口 精装三房)
201604,湘域熙岸花园,长沙,2800,2800,85平米,芙蓉区-芙蓉区政府,113.0481,28.19116,湘域熙岸花园租房(芙蓉区政府 湘域熙岸花园正地铁城市花园)
201604,双水湾嘉园,长沙,2000,2000,93平米,雨花区-雨花区政府,113.0508,28.15764,双水湾嘉园租房(双水湾嘉园 花园小区 温馨舒适 性价比高)
201604,泊爱蓝湾,长沙,3000,3000,140平米,芙蓉区-芙蓉区政府,113.0406,28.18745,泊爱蓝湾租房(泊爱蓝湾 拎包入住 学区房)
201604,世嘉国际华城一期,长沙,2800,2800,136平米,芙蓉区-火车站,113.0442,28.19085,世嘉国际华城一期租房(世嘉国际华城 正地铁口 居家3房)
201604,湘域熙岸花园,长沙,2800,2800,85平米,芙蓉区-芙蓉区政府,113.0481,28.19116,湘域熙岸花园租房(湘域熙岸花园 花园小区 正地铁口)
201604,西街花园,长沙,3000,3000,89.41平米,芙蓉区-芙蓉区政府,113.0284,28.19065,西街花园租房(西街花园 正地铁口 精装大两房)
201604,美联天骄城,长沙,3200,3200,127平米,芙蓉区-马王堆,113.0364,28.18278,美联天骄城租房(上河国际 美联天骄城 宜居3房 商业中心)
201604,扬帆小区,长沙,1600,1600,95平米,芙蓉区-芙蓉区政府,113.04274,28.19626,扬帆小区租房(芙蓉区政府 扬帆小区 低价诚心出租 宜居)
201604,东方新城,长沙,2600,2600,120平米,芙蓉区-马王堆,113.0328,28.19749,东方新城租房(万家丽广场 东方新城 正地铁口宜居3房 )
201604,德政园聚心苑,长沙,1700,1700,80平米,芙蓉区-芙蓉区政府,113.0284,28.19257,德政园聚心苑租房(芙蓉区政府 德政园聚心苑宜居两户便宜出租)
201604,湘域熙岸花园,长沙,2500,2500,85平米,芙蓉区-芙蓉区政府,113.0481,28.19116,湘域熙岸花园租房(芙蓉区政府 湘域熙岸正地铁口的花园小区 )
201604,美联天骄城,长沙,3000,3000,120平米,芙蓉区-马王堆,113.0364,28.18278,美联天骄城租房(上河国际 美联天骄城 商业区 可商住两用)
201604,世嘉国际华城一期,长沙,2600,2600,88平米,芙蓉区-火车站,113.0442,28.19085,世嘉国际华城一期租房(芙蓉区政府 世嘉一期 正地铁口 温馨宜居)
201604,美联天骄城,长沙,3200,3200,134平米,芙蓉区-马王堆,113.0364,28.18278,美联天骄城租房(上河国际 美联天骄城  大3房 商住两用)
201604,星城世家(原东方城),长沙,1400,1400,30平米,芙蓉区-芙蓉区政府,113.0422,28.19046,星城世家(原东方城)租房(芙蓉区政府 星城世家 地铁口 拎包入住)
201604,星城世家(原东方城),长沙,5000,5000,239.05平米,芙蓉区-芙蓉区政府,113.0422,28.19046,星城世家(原东方城)租房(芙蓉区政府 星城世家 拎包入住 商住两用)
201604,绿地中央广场,长沙,2600,2600,96平米,岳麓区-银盆岭,112.9228,28.22827,绿地中央广场租房(温馨三房 低价出租 下个主人会是你么)
201604,仁和.香堤雅境,长沙,3000,3000,125平米,芙蓉区-芙蓉区政府,113.0357,28.19335,仁和.香堤雅境租房(芙蓉区政府 仁和.香堤雅境 拎包入住地铁)
201604,西子一间,长沙,1800,1800,50平米,芙蓉区-芙蓉区政府,113.0352,28.18643,西子一间租房(芙蓉区政府 西子一间 1室一厅 拎包入住)
201604,绿地中央广场,长沙,2400,2400,69平米,岳麓区-银盆岭,112.9228,28.22827,绿地中央广场租房(温馨三房  期待有缘人的入住)
201604,绿地中央广场,长沙,1600,1600,36平米,岳麓区-银盆岭,112.9228,28.22827,绿地中央广场租房(温馨公寓 期待您的入住)
201604,钰龙天下佳园,长沙,1000,1000,114平米,岳麓区-金星大道,112.9395,28.252,钰龙天下佳园租房(市府北长郡旁钰龙天下毛坯4房)
201604,银馨家园,长沙,2000,2000,100平米,岳麓区-银盆岭,0,0,银馨家园租房( 无需物业费 超值房  您值得拥有)
201604,钰龙天下佳园,长沙,1800,1800,78平米,岳麓区-金星大道,112.9395,28.252,钰龙天下佳园租房(市府北长郡旁钰龙天下)
201604,恒大雅苑,长沙,2600,2600,110.93平米,开福区-广电中心,113.0514,28.25475,恒大雅苑租房(恒大雅苑精装3房急租)
201604,钰龙天下佳园,长沙,1700,1700,78平米,岳麓区-金星大道,112.9395,28.252,钰龙天下佳园租房(市府北长郡旁钰龙精装两房)
201604,星尚公寓（星尚520）,长沙,1400,1400,52平米,开福区-四方坪,113.0206,28.24313,星尚公寓（星尚520）租房(星尚公寓精装1室1厅出租)
201604,钰龙天下佳园,长沙,1800,1800,84平米,岳麓区-金星大道,112.9395,28.252,钰龙天下佳园租房(市府北长郡旁钰龙二期精装两房)
201604,旭辉藏郡,长沙,2000,2000,90平米,岳麓区-金星大道,0,0,旭辉藏郡租房(市府北长郡中学旁精装三房拎包入住)
201604,科大佳园,长沙,2300,2300,120平米,开福区-四方坪,113.0258,28.24356,科大佳园租房(科大佳园精装3房急租)
201604,仁和.香堤雅境,长沙,3600,3600,130平米,芙蓉区-芙蓉区政府,113.0357,28.19335,仁和.香堤雅境租房(芙蓉区政府 正地铁口 精装大三房 )
201604,西街花园,长沙,3500,3500,88平米,芙蓉区-芙蓉区政府,113.0284,28.19065,西街花园租房(西街花园精装小洋房，正地铁口)
201604,仁和.香堤雅境,长沙,4200,4200,148平米,芙蓉区-芙蓉区政府,113.0357,28.19335,仁和.香堤雅境租房(仁和.香堤雅境 精装4房出租 正地铁口)
201604,达美d6区,长沙,2000,2000,100平米,岳麓区-梅溪湖,112.9245,28.19836,达美d6区租房(汽车西站 达美D6区 精装办公性价比空房)
201604,绿地中央广场,长沙,2600,2600,100平米,岳麓区-银盆岭,112.9228,28.22827,绿地中央广场租房(绿地中央广场精装3房拎包入住。)
201604,达美d6区,长沙,1800,1800,45平米,岳麓区-梅溪湖,112.9245,28.19836,达美d6区租房(汽车西站 达美D6区 精装公寓 拎包入住)
201604,达美d6区,长沙,2600,2600,100平米,岳麓区-梅溪湖,112.9245,28.19836,达美d6区租房(汽车西站三房低价出租)
201604,达美d6区,长沙,1800,1800,35平米,岳麓区-梅溪湖,112.9245,28.19836,达美d6区租房(汽车西站 地铁口 精装公寓 拎包即可入住)
201604,鸿基橄榄君庭,长沙,2400,2400,110平米,雨花区-高桥,113.0457,28.20845,鸿基橄榄君庭租房(橄榄君庭精装三房 近地铁口 低价低价)
201604,钰龙天下佳园,长沙,1800,1800,86平米,岳麓区-金星大道,112.9395,28.252,钰龙天下佳园租房(市府北长郡旁 钰龙佳园 精装两房)
201604,上河国际上城公寓（F区）,长沙,1500,1500,61平米,芙蓉区-其他,113.03546,28.18276,上河国际上城公寓（F区）租房(上城公寓 温馨住房 超好的房东)
201604,达美d6区,长沙,2300,2300,68平米,岳麓区-梅溪湖,112.9245,28.19836,达美d6区租房(达美D6区 地铁口 精装两房 拎包即入住)
201604,枫林绿洲,长沙,1900,1900,100平米,岳麓区-金星大道,112.9578,28.24143,枫林绿洲租房(枫林绿洲 精装两房 陪读居家好房)
201604,钰龙天下佳园,长沙,3400,3400,152平米,岳麓区-金星大道,112.9395,28.252,钰龙天下佳园租房(长郡旁 市府北 钰龙天下)
201604,枫林绿洲,长沙,1600,1600,91平米,岳麓区-金星大道,112.9578,28.24143,枫林绿洲租房(观沙岭德润园枫林绿洲 中装两房)
201604,钰龙天下佳园,长沙,1300,1300,40平米,岳麓区-金星大道,112.9395,28.252,钰龙天下佳园租房(市府北 长郡旁 钰龙天下)
201604,钰龙天下佳园,长沙,2000,2000,104平米,岳麓区-金星大道,112.9395,28.252,钰龙天下佳园租房(市府北 钰龙天下 精装三房 拎包即可入住)
201604,钰龙天下佳园,长沙,1800,1800,105平米,岳麓区-金星大道,112.9395,28.252,钰龙天下佳园租房(市府北 钰龙天下 精装空房 家具家电可配)
201604,钰龙天下佳园,长沙,2500,2500,103平米,岳麓区-金星大道,112.9395,28.252,钰龙天下佳园租房(市府北 钰龙天下 精装三房 拎包即可入住)
201604,旭辉藏郡,长沙,2500,2500,88平米,岳麓区-金星大道,0,0,旭辉藏郡租房(市府北 钰龙天下 精装三房 拎包即可入住)
201604,鸿基橄榄君庭,长沙,2500,2500,98平米,雨花区-高桥,113.0457,28.20845,鸿基橄榄君庭租房(橄榄君庭精装3房 2500每月 近地铁口)
201604,泊爱蓝湾,长沙,2700,2700,86平米,芙蓉区-芙蓉区政府,113.0406,28.18745,泊爱蓝湾租房(泊爱蓝湾精装两房 正地铁口 价格优惠)
201604,汇都公寓,长沙,2700,2700,130平米,雨花区-高桥,113.0372,28.15522,汇都公寓租房(汇都公寓 精装三房 低价出租2700每月)
201604,双水湾嘉园,长沙,2200,2200,93平米,雨花区-雨花区政府,113.0508,28.15764,双水湾嘉园租房(双水湾精装三房 近地铁口 低价出租 )
201604,鸿基橄榄君庭,长沙,2300,2300,80平米,雨花区-高桥,113.0457,28.20845,鸿基橄榄君庭租房(橄榄君庭 低价两房 精装修 急租)
201604,西街花园,长沙,3500,3500,88平米,芙蓉区-芙蓉区政府,113.0284,28.19065,西街花园租房(西街花园两房  有档次的装修)
201604,凯乐湘园二期,长沙,2400,2400,90平米,芙蓉区-芙蓉区政府,113.0449,28.18753,凯乐湘园二期租房(凯乐湘园精装修两房 正地铁口)
201604,长房白沙湾花园,长沙,1800,1800,88平米,芙蓉区-马王堆,113.021,28.20381,长房白沙湾花园租房(长房白沙湾花园、低价两居室)
201604,嘉银大厦（左岸&右岸）,长沙,1400,1400,50平米,雨花区-高桥,113.0288,28.18865,嘉银大厦（左岸&右岸）租房(左岸右岸 精装一居 温馨住房)
201604,水云间,长沙,10000,10000,220平米,芙蓉区-火车站,113.0357,28.19335,水云间租房(水云间别墅 正地铁口  值得拥有的豪宅 )
201604,星城世家(原东方城),长沙,3500,3500,128平米,芙蓉区-芙蓉区政府,113.0422,28.19046,星城世家(原东方城)租房(星城世家三房 精装修 你值得拥有)
201604,扬帆小区,长沙,1800,1800,70平米,芙蓉区-芙蓉区政府,113.04274,28.19626,扬帆小区租房(芙蓉区政府 地铁口 扬帆小区  宜居两室)
201604,美联天骄城,长沙,1500,1500,58平米,芙蓉区-马王堆,113.0364,28.18278,美联天骄城租房(芙蓉区政府 美联天骄城 精装单身公寓 )
201604,上河国际商业广场国际公寓（B区）,长沙,2900,2900,100平米,雨花区-高桥,113.0301,28.18071,上河国际商业广场国际公寓（B区）租房(上河国际 精装 三居 温馨宜居 拎包入住)
201604,鸿基橄榄君庭,长沙,2400,2400,110平米,雨花区-高桥,113.0457,28.20845,鸿基橄榄君庭租房(橄榄君庭 精装三居 温暖舒适 拎包入住)
201604,鸿基橄榄君庭,长沙,2000,2000,80平米,雨花区-高桥,113.0457,28.20845,鸿基橄榄君庭租房(鸿基橄榄君庭 精装两居 温馨舒适等你入住)
201604,上河国际商业广场国际公寓（B区）,长沙,2500,2500,92平米,雨花区-高桥,113.0301,28.18071,上河国际商业广场国际公寓（B区）租房(上河国际 精装两居 随时看房  拎包入住)
201604,中庭国际,长沙,2500,2500,73平米,雨花区-高桥,113.03626,28.19008,中庭国际租房(芙蓉区政府 中庭国际 全新装修 商住两用)
201604,湘域熙岸花园,长沙,2500,2500,85平米,芙蓉区-芙蓉区政府,113.0481,28.19116,湘域熙岸花园租房(芙蓉区政府 地铁口 湘域熙岸 精装观景)
201604,湘域熙岸花园,长沙,2500,2500,85平米,芙蓉区-芙蓉区政府,113.0481,28.19116,湘域熙岸花园租房(芙蓉区政府 地铁口湘域熙岸花园 精装两居)
201604,恒大华府,长沙,1300,1300,35平米,岳麓区-银盆岭,112.9408,28.24252,恒大华府租房(市政府 长郡双语中学 恒大华府 精装一房)
201604,绿地中央广场,长沙,2800,2800,104平米,岳麓区-银盆岭,112.9228,28.22827,绿地中央广场租房(市政府 绿地中央广场 南北三房 全齐家电)
201604,恒大华府,长沙,1300,1300,35平米,岳麓区-银盆岭,112.9408,28.24252,恒大华府租房(恒大华府 长郡双语中学陪读一房 全齐家具)
201604,金色山庄,长沙,2500,2500,110平米,岳麓区-银盆岭,112.9601,28.22809,金色山庄租房(奥克斯 金色山庄 南北通透三房 可以办公)
201604,绿地中央广场,长沙,2300,2300,69平米,岳麓区-银盆岭,112.9228,28.22827,绿地中央广场租房(奥克斯 绿地中央广场 精致小两房有燃气)
201604,金色山庄,长沙,2600,2600,158平米,岳麓区-银盆岭,112.9601,28.22809,金色山庄租房(奥克斯 金色山庄 稀缺四房大户型 电梯楼)
201604,绿地中央广场,长沙,3000,3000,96平米,岳麓区-银盆岭,112.9228,28.22827,绿地中央广场租房(奥克斯 绿地中央广场 精装三房只能居家)
201604,绿地中央广场,长沙,1700,1700,36平米,岳麓区-银盆岭,112.9228,28.22827,绿地中央广场租房(市政府奥克斯 绿地中央广场 精装情侣一房)
201604,绿地中央广场,长沙,2800,2800,96平米,岳麓区-银盆岭,112.9228,28.22827,绿地中央广场租房(银盆岭 绿地中央广场 精装3房拎包入住)
201604,麓江春,长沙,1600,1600,120平米,岳麓区-银盆岭,112.9572,28.23085,麓江春租房(蓝卡威背后麓江春精装2房)
201604,天骄福邸,长沙,2600,2600,112平米,岳麓区-市政府,0,0,天骄福邸租房(美雅斯酒店附近天骄福邸精装3房。)
201604,枫林美景,长沙,1600,1600,92平米,岳麓区-银盆岭,112.9411,28.23951,枫林美景租房(红星美凯龙附近精装2房随时看房)
201604,郡原广场,长沙,1400,1400,57平米,岳麓区-桐梓坡路,112.9359,28.2635,郡原广场租房(步步高附近，面朝王府井，郡原广场优质好房)
201604,枫林家园,长沙,1680,1680,52平米,岳麓区-金星大道,112.9586,28.23782,枫林家园租房(新一佳超市对面枫林家园精装1房出租。)
201604,郡原广场,长沙,1800,1800,38平米,岳麓区-桐梓坡路,112.9359,28.2635,郡原广场租房(步步高附近，面朝王府井，郡原广场优质好房)
201604,西点公园里,长沙,2400,2400,142平米,岳麓区-桐梓坡路,112.9374,28.22077,西点公园里租房(面朝王府井步步高附近，西点公园里优质好房)
201604,西点公园里,长沙,2500,2500,83平米,岳麓区-桐梓坡路,112.9374,28.22077,西点公园里租房(面朝王府井步步高附近，西点公园里优质好房)
201604,郡原广场,长沙,1800,1800,50平米,岳麓区-桐梓坡路,112.9359,28.2635,郡原广场租房(步步高附近，面朝王府井，郡原广场优质好房)
201604,郡原广场,长沙,1800,1800,50平米,岳麓区-桐梓坡路,112.9359,28.2635,郡原广场租房(步步高附近，面朝王府井，郡原广场优质好房)
201604,钰龙天下佳园,长沙,2500,2500,115平米,岳麓区-金星大道,112.9395,28.252,钰龙天下佳园租房(市府北 钰龙天下 精装三房 拎包即可入住)
201604,钰龙天下佳园,长沙,2400,2400,95平米,岳麓区-金星大道,112.9395,28.252,钰龙天下佳园租房(市府北 钰龙天下 精装三房，拎包即可入住)
201604,郡原广场,长沙,2300,2300,60平米,岳麓区-桐梓坡路,112.9359,28.2635,郡原广场租房(步步高附近，面朝王府井，郡原广场优质好房)
201604,卓越.蔚蓝海岸,长沙,1800,1800,83平米,岳麓区-市政府,112.9355,28.2425,卓越.蔚蓝海岸租房(市府北 卓越蔚蓝海岸 精装两房 拎包入住)
201604,郡原广场,长沙,1500,1500,38平米,岳麓区-桐梓坡路,112.9359,28.2635,郡原广场租房(步步高附近，面朝王府井，郡原广场优质好房)
201604,郡原广场,长沙,2000,2000,70平米,岳麓区-桐梓坡路,112.9359,28.2635,郡原广场租房(步步高附近，面朝王府井，郡原广场优质好房)
201604,郡原广场,长沙,2400,2400,90平米,岳麓区-桐梓坡路,112.9359,28.2635,郡原广场租房(步步高附近，面朝王府井，郡原广场优质好房)
201604,郡原广场,长沙,2400,2400,70平米,岳麓区-桐梓坡路,112.9359,28.2635,郡原广场租房(步步高附近，面朝王府井，郡原广场优质好房)
201604,旭辉藏郡,长沙,1900,1900,96平米,岳麓区-金星大道,0,0,旭辉藏郡租房(长郡双语旁 旭辉藏郡 精装三房 拎包入住)
201604,钰龙天下佳园,长沙,2100,2100,78平米,岳麓区-金星大道,112.9395,28.252,钰龙天下佳园租房(市府北 钰龙天下 精装两房 拎包即可入住)
201604,西点公园里,长沙,2100,2100,90平米,岳麓区-桐梓坡路,112.9374,28.22077,西点公园里租房(面朝王府井步步高附近，西点公园里优质好房)
201604,西点公园里,长沙,3700,3700,142平米,岳麓区-桐梓坡路,112.9374,28.22077,西点公园里租房(面朝王府井步步高附近，西点公园里优质好房)
201604,西点公园里,长沙,2500,2500,90平米,岳麓区-桐梓坡路,112.9374,28.22077,西点公园里租房(面朝王府井步步高附近，西点公园里优质好房)
201604,西点公园里,长沙,2500,2500,89平米,岳麓区-桐梓坡路,112.9374,28.22077,西点公园里租房(面朝王府井步步高附近，西点公园里优质好房)
201604,西点公园里,长沙,3000,3000,130平米,岳麓区-桐梓坡路,112.9374,28.22077,西点公园里租房(面朝王府井步步高附近，西点公园里优质好房)
201604,西点公园里,长沙,2000,2000,90平米,岳麓区-桐梓坡路,112.9374,28.22077,西点公园里租房(面朝王府井步步高附近，西点公园里优质好房)
201604,西点公园里,长沙,2800,2800,132平米,岳麓区-桐梓坡路,112.9374,28.22077,西点公园里租房(面朝王府井步步高附近，西点公园里优质好房)
201604,诚兴园,长沙,1300,1300,65平米,岳麓区-金星大道,112.9286,28.23374,诚兴园租房(咸嘉新村附近，诚兴园优质好房急租，近市政)
201604,西点公园里,长沙,2900,2900,132平米,岳麓区-桐梓坡路,112.9374,28.22077,西点公园里租房(面朝王府井步步高附近，西点公园里优质好房)
201604,诚兴园,长沙,1800,1800,90平米,岳麓区-金星大道,112.9286,28.23374,诚兴园租房(咸嘉新村附近，诚兴园优质好房急租，近市政)
201604,诚兴园,长沙,2000,2000,120平米,岳麓区-金星大道,112.9286,28.23374,诚兴园租房(咸嘉新村附近，诚兴园优质好房急租，近市政)
201604,高鑫·麓城,长沙,2500,2500,88平米,岳麓区-桐梓坡路,112.9336,28.22793,高鑫·麓城租房(步步高附近，面朝王府井，高鑫麓城优质好房)
201604,沁园春御院,长沙,1800,1800,45平米,岳麓区-桐梓坡路,112.936,28.22405,沁园春御院租房(咸嘉新村附近诚兴园优质好房急租，近市政府)
201604,诚兴园,长沙,1100,1100,32平米,岳麓区-金星大道,112.9286,28.23374,诚兴园租房(咸嘉新村附近诚兴园优质好房急租，近市政府)
201604,西京公寓(永祺国际),长沙,1700,1700,60平米,岳麓区-桐梓坡路,112.9383,28.22824,西京公寓(永祺国际)租房(咸嘉新村附近诚兴园优质好房急租，近市政府)
201604,西京公寓(永祺国际),长沙,3000,3000,108平米,岳麓区-桐梓坡路,112.9383,28.22824,西京公寓(永祺国际)租房(咸嘉新村附近诚兴园优质好房急租，近市政府)
201604,西点公园里,长沙,2400,2400,90平米,岳麓区-桐梓坡路,112.9374,28.22077,西点公园里租房(步步高附近，面朝王府井，高鑫麓城优质好房)
201604,沁园春御院,长沙,2000,2000,58平米,岳麓区-桐梓坡路,112.936,28.22405,沁园春御院租房(步步高附近，面朝王府井，高鑫麓城优质好房)
201604,西京公寓(永祺国际),长沙,2800,2800,100平米,岳麓区-桐梓坡路,112.9383,28.22824,西京公寓(永祺国际)租房(步步高附近，面朝王府井，高鑫麓城优质好房)
201604,沁园春御院,长沙,1700,1700,45平米,岳麓区-桐梓坡路,112.936,28.22405,沁园春御院租房(步步高附近，面朝王府井，高鑫麓城优质好房)
201604,沁园春御院,长沙,1800,1800,45.16平米,岳麓区-桐梓坡路,112.936,28.22405,沁园春御院租房(步步高附近，面朝王府井，高鑫麓城优质好房)
201604,高鑫·麓城,长沙,2100,2100,88平米,岳麓区-桐梓坡路,112.9336,28.22793,高鑫·麓城租房(步步高附近，面朝王府井，高鑫麓城优质好房)
201604,高鑫·麓城,长沙,2300,2300,92平米,岳麓区-桐梓坡路,112.9336,28.22793,高鑫·麓城租房(步步高附近，面朝王府井，高鑫麓城优质好房)
201604,高鑫·麓城,长沙,2800,2800,134平米,岳麓区-桐梓坡路,112.9336,28.22793,高鑫·麓城租房(步步高附近，面朝王府井，高鑫麓城优质好房)
201604,高鑫·麓城,长沙,2400,2400,88平米,岳麓区-桐梓坡路,112.9336,28.22793,高鑫·麓城租房(步步高附近，面朝王府井，高鑫麓城优质好房)
201604,西京公寓(永祺国际),长沙,3400,3400,105平米,岳麓区-桐梓坡路,112.9383,28.22824,西京公寓(永祺国际)租房(步步高附近，面朝王府井，高鑫麓城优质好房)
201604,沁园春御院,长沙,2000,2000,102平米,岳麓区-桐梓坡路,112.936,28.22405,沁园春御院租房(步步高附近，面朝王府井，高鑫麓城优质好房)
201604,沁园春御院,长沙,1700,1700,58平米,岳麓区-桐梓坡路,112.936,28.22405,沁园春御院租房(步步高附近，面朝王府井，高鑫麓城优质好房)
201604,沁园春御院,长沙,2000,2000,102平米,岳麓区-桐梓坡路,112.936,28.22405,沁园春御院租房(步步高附近，面朝王府井，高鑫麓城优质好房)
201604,麓江春,长沙,1500,1500,42平米,岳麓区-银盆岭,112.9572,28.23085,麓江春租房(绿地附近麓江春精装1室一厅拎包入住)
201604,都市晨光大厦,长沙,1500,1500,58平米,芙蓉区-火车站,113.0592,28.20765,都市晨光大厦租房(都市晨光   精装两房   业主急住)
201604,西点公园里,长沙,2000,2000,90平米,岳麓区-桐梓坡路,112.9374,28.22077,西点公园里租房(面朝王府井步步高附近，西点公园里优质好房)
201604,钰龙天下佳园,长沙,2800,2800,105平米,岳麓区-金星大道,112.9395,28.252,钰龙天下佳园租房(长郡中学旁环境舒适)
201604,西城龙庭,长沙,2800,2800,116平米,岳麓区-市政府,112.9393,28.23047,西城龙庭租房(步步高附近，面朝王府井，西城龙庭优质好房)
201604,西城龙庭,长沙,3000,3000,140平米,岳麓区-市政府,112.9393,28.23047,西城龙庭租房(步步高附近，面朝王府井，西城龙庭优质好房)
201604,西城龙庭,长沙,1750,1750,58平米,岳麓区-市政府,112.9393,28.23047,西城龙庭租房(步步高附近，面朝王府井，西城龙庭优质好房)
201604,西城龙庭,长沙,2200,2200,78平米,岳麓区-市政府,112.9393,28.23047,西城龙庭租房(步步高附近，面朝王府井，西城龙庭优质好房)
201604,西城龙庭,长沙,1800,1800,85平米,岳麓区-市政府,112.9393,28.23047,西城龙庭租房(步步高附近，面朝王府井，西城龙庭优质好房)
201604,西城龙庭,长沙,2700,2700,134平米,岳麓区-市政府,112.9393,28.23047,西城龙庭租房(步步高附近，面朝王府井，西城龙庭优质好房)
201604,西城龙庭,长沙,3200,3200,80平米,岳麓区-市政府,112.9393,28.23047,西城龙庭租房(步步高附近，面朝王府井，西城龙庭优质好房)
201604,西城龙庭,长沙,2000,2000,95平米,岳麓区-市政府,112.9393,28.23047,西城龙庭租房(步步高附近，面朝王府井，西城龙庭优质好房)
201604,西城龙庭,长沙,1500,1500,42平米,岳麓区-市政府,112.9393,28.23047,西城龙庭租房(步步高附近，面朝王府井，西城龙庭优质好房)
201604,西城龙庭,长沙,3500,3500,134平米,岳麓区-市政府,112.9393,28.23047,西城龙庭租房(步步高附近，面朝王府井，西城龙庭优质好房)
201604,诚兴园,长沙,1650,1650,83平米,岳麓区-金星大道,112.9286,28.23374,诚兴园租房(咸嘉新村附近，诚兴园优质好房急租，近市政)
201604,天骄福邸,长沙,888,888,127平米,岳麓区-市政府,0,0,天骄福邸租房(红星美凯龙附近天骄福邸精装1室单间出租。)
201604,银馨家园,长沙,1500,1500,82平米,岳麓区-银盆岭,0,0,银馨家园租房(银盆岭奥克斯绿地附近银馨家园中装2房)
201604,绿地中央广场,长沙,2800,2800,96平米,岳麓区-银盆岭,112.9228,28.22827,绿地中央广场租房(绿地中央广场精装三房)
201604,枫林家园,长沙,2000,2000,88平米,岳麓区-金星大道,112.9586,28.23782,枫林家园租房(新一家超市对面枫林家园精装2房商住两用。)
201604,香海西岸,长沙,2500,2500,120平米,岳麓区-银盆岭,112.9564,28.27113,香海西岸租房(奥克斯绿地附近香海西岸精装3房随时看房)
201604,枫林美景,长沙,1600,1600,93平米,岳麓区-银盆岭,112.9411,28.23951,枫林美景租房(红星美凯龙附近枫林美景精精装2房拎包入住)
201604,老鸦冲,长沙,1000,1000,50平米,岳麓区-市政府,112.9773,28.1675,老鸦冲租房(安居乐家居广场附近老鸦冲简装1室1厅)
201604,北辰三角洲E3区,长沙,1600,1600,53平米,开福区-松桂园,112.94542,28.23471,北辰三角洲E3区租房(社区成熟地铁沿线江河相伴安享品质生活！)
201604,钰龙天下佳园,长沙,1600,1600,47平米,岳麓区-金星大道,112.9395,28.252,钰龙天下佳园租房(钰龙天下佳园 百年长郡旁 陪读养生好地方)
201604,愿景山水湾S区,长沙,1400,1400,47平米,长沙县-万家丽北路,0,0,愿景山水湾S区租房(全新精装，家电齐全！随时看房！)
201604,愿景山水湾S区,长沙,1400,1400,40平米,长沙县-万家丽北路,0,0,愿景山水湾S区租房(全新精装，随时带看！)
201604,东玺门,长沙,2500,2500,85平米,芙蓉区-马王堆,113.0276,28.19733,东玺门租房(居家周正户型小三房，带全套家具家电，拎包)
201604,新世纪家园(原新世纪安居苑),长沙,2600,2600,120平米,芙蓉区-马王堆,113.0322,28.18977,新世纪家园(原新世纪安居苑)租房(黄金楼层房源，真实房源，真实图片)
201604,百纳公寓,长沙,3200,3200,91平米,芙蓉区-马王堆,113.0373,28.20195,百纳公寓租房(百纳公寓   精装三房    办公居家)
201604,四季星城二期,长沙,1500,1500,85平米,长沙县-星沙大道,112.94542,28.23471,四季星城二期租房(优质房源，拎包入住！)
201604,达美d6区,长沙,1800,1800,30平米,岳麓区-梅溪湖,112.9245,28.19836,达美d6区租房(汽车西站白领公寓出租)
201604,荷花园荷晏小区,长沙,1500,1500,60平米,芙蓉区-马王堆,113.0276,28.19733,荷花园荷晏小区租房(安静的小区，芙蓉中学旁。新上房源房东急租)
201604,名都花园,长沙,1750,1750,58平米,雨花区-东塘,113.0092,28.16998,名都花园租房(东塘名都花园，正规一房一厅，家电全新。)
201604,愿景山水湾,长沙,800,800,47平米,长沙县-万家丽北路,113.0628,28.27079,愿景山水湾租房(便宜毛坯，可当仓库)
201604,天骄福邸,长沙,2700,2700,113平米,岳麓区-市政府,0,0,天骄福邸租房(银盆岭绿地天骄福邸 精装大三房)
201604,银鸿小区,长沙,1500,1500,100平米,岳麓区-桐梓坡路,113.4194,27.86573,银鸿小区租房(银盆岭奥克斯银鸿小区 2室2厅108平米)
201604,枫林美景,长沙,1500,1500,90平米,岳麓区-银盆岭,112.9411,28.23951,枫林美景租房(银盆岭绿地附近枫林美景 精装两房 )
201604,天骄福邸,长沙,1500,1500,55平米,岳麓区-市政府,0,0,天骄福邸租房(银盆岭绿地天骄福邸北栋 精装一房)
201604,风华四季园,长沙,1500,1500,42平米,岳麓区-银盆岭,112.9589,28.22965,风华四季园租房(银盆岭奥克斯附近风华四季园 正规一房)
201604,银馨家园,长沙,1500,1500,80平米,岳麓区-银盆岭,0,0,银馨家园租房(银盆岭奥克斯绿地银馨家园 精装两房)
201604,星蓝湾小区,长沙,2300,2300,115平米,岳麓区-银盆岭,112.9602,28.23246,星蓝湾小区租房(奥克斯对面星蓝湾  精装大3房 )
201604,金色山庄,长沙,2600,2600,136平米,岳麓区-银盆岭,112.9601,28.22809,金色山庄租房(银盆岭奥克斯金色山庄 精装大三房)
201604,枫林绿洲,长沙,1600,1600,91平米,岳麓区-金星大道,112.9578,28.24143,枫林绿洲租房(观沙岭德润园枫林绿洲 中装两房)
201604,绿地中央广场,长沙,2800,2800,104平米,岳麓区-银盆岭,112.9228,28.22827,绿地中央广场租房(银盆岭奥克斯绿地中央广场 精装大三房)
201604,绿地中央广场,长沙,3200,3200,96平米,岳麓区-银盆岭,112.9228,28.22827,绿地中央广场租房(银盆岭奥克斯斜对门绿地中央广场精装3房)
201604,绿地中央广场,长沙,2400,2400,69平米,岳麓区-银盆岭,112.9228,28.22827,绿地中央广场租房(银盆岭奥克斯绿地 精装两房)
201604,绿地中央广场,长沙,1600,1600,36平米,岳麓区-银盆岭,112.9228,28.22827,绿地中央广场租房(银盆岭奥克斯斜对面绿地中央广场 精装一房)
201604,星蓝湾小区,长沙,2400,2400,125平米,岳麓区-银盆岭,112.9602,28.23246,星蓝湾小区租房(银盆岭奥克斯对面星蓝湾 精装大三房)
201604,绿地中央广场,长沙,1500,1500,50平米,岳麓区-银盆岭,112.9228,28.22827,绿地中央广场租房(银盆岭奥克斯斜对面绿地中央广场 精装一房)
201604,绿地中央广场,长沙,2200,2200,96平米,岳麓区-银盆岭,112.9228,28.22827,绿地中央广场租房(银盆岭奥克斯斜对面绿地 精装3房)
201604,天骄福邸,长沙,2000,2000,90平米,岳麓区-市政府,0,0,天骄福邸租房(银盆岭绿地后面天骄福邸 精装大两房)
201604,绿地中央广场,长沙,3200,3200,96平米,岳麓区-银盆岭,112.9228,28.22827,绿地中央广场租房(银盆岭奥克斯广场 精装3房)
201604,绿地中央广场,长沙,3000,3000,96平米,岳麓区-银盆岭,112.9228,28.22827,绿地中央广场租房(银盆岭奥克斯绿地 精装小三房)
201604,绿地中央广场,长沙,2600,2600,104平米,岳麓区-银盆岭,112.9228,28.22827,绿地中央广场租房(银盆岭奥克斯斜对面绿地 精装3房)
201604,枫林美景,长沙,1500,1500,98平米,岳麓区-银盆岭,112.9411,28.23951,枫林美景租房(银盆岭绿地后面枫林美景 精装大两房 )
201604,枫林美景,长沙,2300,2300,130平米,岳麓区-银盆岭,112.9411,28.23951,枫林美景租房(银盆岭绿地附近枫林美景 精装大三房)
201604,枫林美景,长沙,1600,1600,67平米,岳麓区-银盆岭,112.9411,28.23951,枫林美景租房(银盆岭奥克斯绿地枫林美景 精装两房)
201604,盛大泽西城,长沙,2500,2500,126平米,岳麓区-市政府,112.9518,28.23213,盛大泽西城租房(银盆岭红星美凯龙 盛大泽西城 精装三房)
201604,绿地中央广场,长沙,3000,3000,105平米,岳麓区-银盆岭,112.9228,28.22827,绿地中央广场租房(银盆岭奥克斯斜对面绿地中央广场精装3房)
201604,枫林美景,长沙,1900,1900,98平米,岳麓区-银盆岭,112.9411,28.23951,枫林美景租房(银盆岭奥克斯 枫林美景 精装两房 好房急)
201604,盛大泽西城,长沙,2200,2200,123平米,岳麓区-市政府,112.9518,28.23213,盛大泽西城租房(奥克斯市政府 盛大泽西城 居家三房 急租)
201604,绿地中央广场,长沙,1700,1700,36平米,岳麓区-银盆岭,112.9228,28.22827,绿地中央广场租房(银盆岭 奥克斯 绿地中央广场 精装一房 )
201604,星蓝湾小区,长沙,2600,2600,121平米,岳麓区-银盆岭,112.9602,28.23246,星蓝湾小区租房(银盆岭奥克斯绿地对面 星蓝湾 精装三房)
201604,绿地中央广场,长沙,2800,2800,104平米,岳麓区-银盆岭,112.9228,28.22827,绿地中央广场租房(银盆岭奥克斯斜对面绿地中央广场 精装3房)
201604,麓江春,长沙,2400,2400,90平米,岳麓区-银盆岭,112.9572,28.23085,麓江春租房(银盆岭奥克斯绿地旁 麓江春 婚装两房)
201604,枫林美景,长沙,2000,2000,95平米,岳麓区-银盆岭,112.9411,28.23951,枫林美景租房(银盆岭 绿地旁 枫林美景 精装两房随时看)
201604,星蓝湾小区,长沙,3000,3000,120平米,岳麓区-银盆岭,112.9602,28.23246,星蓝湾小区租房( 奥克斯绿地旁 星蓝湾 大四房可办公住家)
201604,兰亭都荟,长沙,2600,2600,110平米,岳麓区-银盆岭,112.95253,28.22821,兰亭都荟租房(奥克斯 兰亭都荟 住家三房 看房提前联系)
201604,香海西岸,长沙,2200,2200,90平米,岳麓区-银盆岭,112.9564,28.27113,香海西岸租房(奥克斯星蓝湾旁 香海西岸精装两房全齐)
201604,奥克斯广场,长沙,1800,1800,50平米,岳麓区-银盆岭,112.9607,28.23152,奥克斯广场租房(银盆岭 奥克斯 公寓一房家电家具全齐)
201604,金色山庄,长沙,3200,3200,132平米,岳麓区-银盆岭,112.9601,28.22809,金色山庄租房(精装三房 出入交通方便就在奥克斯旁 金色)
201604,绿地中央广场,长沙,2600,2600,96平米,岳麓区-银盆岭,112.9228,28.22827,绿地中央广场租房(银盆岭奥克斯绿地中央广场 精装3房)
201604,奥克斯广场,长沙,3500,3500,108平米,岳麓区-银盆岭,112.9607,28.23152,奥克斯广场租房(银盆岭奥克斯广场 精装大三房)
201604,绿地中央广场,长沙,2500,2500,96平米,岳麓区-银盆岭,112.9228,28.22827,绿地中央广场租房(银盆岭奥克斯绿地 精装三房 )
201604,钰龙天下佳园,长沙,1300,1300,40平米,岳麓区-金星大道,112.9395,28.252,钰龙天下佳园租房(市府北  长郡旁  钰龙天下)
201604,钰龙天下佳园,长沙,1600,1600,86平米,岳麓区-金星大道,112.9395,28.252,钰龙天下佳园租房(长郡旁    市府北  钰龙天下)
201604,钰龙天下佳园,长沙,3400,3400,152平米,岳麓区-金星大道,112.9395,28.252,钰龙天下佳园租房(长郡旁   市府北   钰龙天下)
201604,惠泽园,长沙,2400,2400,91平米,芙蓉区-马王堆,113.0276,28.19733,惠泽园租房(惠泽园   精装两房   拎包入住)
201604,绿地中央广场,长沙,2600,2600,105平米,岳麓区-银盆岭,112.9228,28.22827,绿地中央广场租房(【绿地】大三房 精装    奥克斯商业区)
201604,星蓝湾小区,长沙,2400,2400,125平米,岳麓区-银盆岭,112.9602,28.23246,星蓝湾小区租房(奥克斯绿地对面 星蓝湾 精装三房)
201604,钰龙天下佳园,长沙,3400,3400,152平米,岳麓区-金星大道,112.9395,28.252,钰龙天下佳园租房(市政府北 钰龙天下  毫装四房)
201604,天骄福邸,长沙,1500,1500,51平米,岳麓区-市政府,0,0,天骄福邸租房(奥克斯绿地红星美凯龙 天骄福邸 精装一室)
201604,麓江春,长沙,1800,1800,89平米,岳麓区-银盆岭,112.9572,28.23085,麓江春租房(奥克斯绿地广场旁 麓江春 精装两房全齐)
201604,绿地中央广场,长沙,7200,7200,119平米,岳麓区-银盆岭,112.9228,28.22827,绿地中央广场租房(奥克斯 绿地中央广场 纯写字楼出租 精装)
201604,奥克斯广场,长沙,2260,2260,51平米,岳麓区-银盆岭,112.9607,28.23152,奥克斯广场租房(银盆岭 奥克斯豪装一房全部齐活)
201604,绿地中央广场,长沙,3200,3200,96平米,岳麓区-银盆岭,112.9228,28.22827,绿地中央广场租房(奥克斯 绿地中央广场 豪装三房拎包入住)
201604,枫林美景,长沙,2200,2200,108平米,岳麓区-银盆岭,112.9411,28.23951,枫林美景租房(奥克斯安居乐园对面 枫林美景 大三房 )
201604,奥克斯广场,长沙,2600,2600,65平米,岳麓区-银盆岭,112.9607,28.23152,奥克斯广场租房(奥克斯商业广场写字楼 精装只能办公)
201604,香海西岸,长沙,2800,2800,132平米,岳麓区-银盆岭,112.9564,28.27113,香海西岸租房(银盆岭安居乐园旁 枫林美景 大四房地铁口)
201604,绿地中央广场,长沙,1650,1650,37平米,岳麓区-银盆岭,112.9228,28.22827,绿地中央广场租房(奥克斯绿地中央广场 精装单身一房全齐)
201604,奥克斯广场,长沙,2800,2800,91平米,岳麓区-银盆岭,112.9607,28.23152,奥克斯广场租房(滨江新城 奥克斯 精装两房地段好出入方便)
201604,绿地中央广场,长沙,3200,3200,128平米,岳麓区-银盆岭,112.9228,28.22827,绿地中央广场租房(绿地中央广场 南北大三房 地铁口购物生活)
201604,绿地中央广场,长沙,1700,1700,36平米,岳麓区-银盆岭,112.9228,28.22827,绿地中央广场租房(滨江新城 绿地中央广场 家电家具全齐一房)
201604,枫林美景,长沙,1800,1800,130平米,岳麓区-银盆岭,112.9411,28.23951,枫林美景租房(奥克斯 枫林美景 地铁口三房便宜租)
201604,奥克斯广场,长沙,2500,2500,50平米,岳麓区-银盆岭,112.9607,28.23152,奥克斯广场租房(奥克斯 商业楼 精装出租好地段好风水)
201604,枫林美景,长沙,2100,2100,100平米,岳麓区-银盆岭,112.9411,28.23951,枫林美景租房(奥克斯附近 枫林美景 三房 家电家具全有)
201604,银馨家园,长沙,2000,2000,120平米,岳麓区-银盆岭,0,0,银馨家园租房(绿地中央广场旁 银馨家园 居家三房地段好)
201604,奥克斯广场,长沙,6000,6000,200平米,岳麓区-银盆岭,112.9607,28.23152,奥克斯广场租房(银盆岭 奥克斯 商业办公 好地段好风水)
201604,绿地中央广场,长沙,1500,1500,34平米,岳麓区-银盆岭,112.9228,28.22827,绿地中央广场租房(银盆岭 绿地中央广场 温馨情侣一房全齐)
201604,兰亭都荟,长沙,2500,2500,91平米,岳麓区-银盆岭,112.95253,28.22821,兰亭都荟租房(兰亭都荟 湘雅附三医院旁边 三房精装修)
201604,枫林美景,长沙,1500,1500,90平米,岳麓区-银盆岭,112.9411,28.23951,枫林美景租房(银盆岭 枫林美景 地铁口精装三房简单装修)
201604,绿地中央广场,长沙,2600,2600,75平米,岳麓区-银盆岭,112.9228,28.22827,绿地中央广场租房(市政府 绿地中央广场 精装两房高安全小区)
201604,奥克斯中央公馆,长沙,1700,1700,46平米,岳麓区-银盆岭,112.9615,28.23617,奥克斯中央公馆租房(滨江新城 奥克斯 精装一房有家具家电)
201604,枫林美景,长沙,2100,2100,100平米,岳麓区-银盆岭,112.9411,28.23951,枫林美景租房(市政府 枫林美景 三房低价拎包入住)
201604,金色山庄,长沙,3000,3000,138平米,岳麓区-银盆岭,112.9601,28.22809,金色山庄租房(银盆岭奥克斯 金色山庄 三房居家装修全齐)
201604,绿地中央广场,长沙,1700,1700,36平米,岳麓区-银盆岭,112.9228,28.22827,绿地中央广场租房(奥克斯 绿地中央广场 温馨蓝色情调一房)
201604,麓江春,长沙,2200,2200,88平米,岳麓区-银盆岭,112.9572,28.23085,麓江春租房(绿地广场 红星美凯龙旁 麓江春 精装居家)
201604,麓江春,长沙,2600,2600,130平米,岳麓区-银盆岭,112.9572,28.23085,麓江春租房(奥克斯绿地红星美凯龙旁 麓江春三房居家)
201604,西湘郡邸（兰卡威国际公寓）,长沙,1500,1500,48平米,岳麓区-银盆岭,112.9603,28.23149,西湘郡邸（兰卡威国际公寓）租房(奥克斯 兰卡威 便宜一房 地段好出入方便)
201604,枫林美景,长沙,2800,2800,133平米,岳麓区-银盆岭,112.9411,28.23951,枫林美景租房(奥克斯 枫林美景 南北三房两卫 出门地铁)
201604,绿地中央广场,长沙,3000,3000,96平米,岳麓区-银盆岭,112.9228,28.22827,绿地中央广场租房(奥克斯 绿地中央广场 精装居家三房)
201604,绿地中央广场,长沙,1550,1550,37平米,岳麓区-银盆岭,112.9228,28.22827,绿地中央广场租房(奥克斯 绿地中央广场 一房家具家电全齐)
201604,绿地中央广场,长沙,3000,3000,104平米,岳麓区-银盆岭,112.9228,28.22827,绿地中央广场租房(银盆岭 绿地中央广场 居家精装三房 全齐)
201604,枫林美景,长沙,1600,1600,88平米,岳麓区-银盆岭,112.9411,28.23951,枫林美景租房(安居乐园 枫林美景 两房家具家电全齐)
201604,绿地中央广场,长沙,2400,2400,70平米,岳麓区-银盆岭,112.9228,28.22827,绿地中央广场租房(市政府 绿地中央广场 两房有燃气)
201604,绿地中央广场,长沙,1700,1700,34平米,岳麓区-银盆岭,112.9228,28.22827,绿地中央广场租房(奥克斯 绿地中央广场 一房家具家电全有)
201604,奥克斯广场,长沙,3000,3000,90平米,岳麓区-银盆岭,112.9607,28.23152,奥克斯广场租房(银盆岭 奥克斯 商业核心地段 家电全齐)
201604,绿地中央广场,长沙,1450,1450,36平米,岳麓区-银盆岭,112.9228,28.22827,绿地中央广场租房(银盆岭奥克斯绿地中央广场 单身一房有厨卫)
201604,星蓝湾小区,长沙,3200,3200,130平米,岳麓区-银盆岭,112.9602,28.23246,星蓝湾小区租房(奥克斯 星蓝湾 精装大三房 出入方便)
201604,绿地中央广场,长沙,3800,3800,126平米,岳麓区-银盆岭,112.9228,28.22827,绿地中央广场租房(奥克斯 绿地中央广场 精装南北三房 全齐)
201604,星蓝湾小区,长沙,3000,3000,135平米,岳麓区-银盆岭,112.9602,28.23246,星蓝湾小区租房(奥克斯 星蓝湾 大三房交通方便生活方便)
201604,绿地中央广场,长沙,2500,2500,96平米,岳麓区-银盆岭,112.9228,28.22827,绿地中央广场租房(奥克斯 绿地中央广场  三房居家全齐家具)
201604,兰亭都荟,长沙,2550,2550,110平米,岳麓区-银盆岭,112.95253,28.22821,兰亭都荟租房(奥克斯金色山庄旁 兰亭都荟 精装三房)
201604,绿地中央广场,长沙,2500,2500,96平米,岳麓区-银盆岭,112.9228,28.22827,绿地中央广场租房(银盆岭 绿地中央广场 精装三房拎包入住 )
201604,麓江春,长沙,2600,2600,120平米,岳麓区-银盆岭,112.9572,28.23085,麓江春租房(奥克斯 绿地广场旁 麓江春 居家大三房)
201604,奥克斯广场,长沙,1700,1700,48平米,岳麓区-银盆岭,112.9607,28.23152,奥克斯广场租房(银盆岭 奥克斯广场 公寓房办公居住都可以)
201604,银馨家园,长沙,2300,2300,120平米,岳麓区-银盆岭,0,0,银馨家园租房(银盆岭绿地广场旁 银馨家园 三房全齐家电)
201604,星蓝湾小区,长沙,3500,3500,142平米,岳麓区-银盆岭,112.9602,28.23246,星蓝湾小区租房(银盆岭奥克斯 星蓝湾 出入方便生活方便)
201604,绿地中央广场,长沙,2300,2300,70平米,岳麓区-银盆岭,112.9228,28.22827,绿地中央广场租房(银盆岭 绿地中央广场 精装两房拎包住)
201604,恒大华府,长沙,1400,1400,35平米,岳麓区-银盆岭,112.9408,28.24252,恒大华府租房(市政府 恒大华府 精装一房全部齐全)
201604,绿地中央广场,长沙,2500,2500,96平米,岳麓区-银盆岭,112.9228,28.22827,绿地中央广场租房(奥克斯 绿地中央广场 精装三房 出入方便)
201604,奥克斯中央公馆,长沙,2800,2800,84平米,岳麓区-银盆岭,112.9615,28.23617,奥克斯中央公馆租房(银盆岭 奥克斯广场 精装两房 拎包入住)
201604,奥克斯广场,长沙,2800,2800,84平米,岳麓区-银盆岭,112.9607,28.23152,奥克斯广场租房(市政府 奥克斯广场 豪装两房 全齐家电)
201604,恒大华府,长沙,2200,2200,92平米,岳麓区-银盆岭,112.9408,28.24252,恒大华府租房(市政府 恒大华府 精装两房全齐家具家电)
201604,恒大华府,长沙,2100,2100,90平米,岳麓区-银盆岭,112.9408,28.24252,恒大华府租房(市府北 恒大华府 精装两房 灵宝即可入住)
201604,沁园春御院,长沙,2300,2300,87平米,岳麓区-桐梓坡路,112.936,28.22405,沁园春御院租房(沁园春御苑，面朝步步高，王府井)
201604,钰龙天下佳园,长沙,1600,1600,86平米,岳麓区-金星大道,112.9395,28.252,钰龙天下佳园租房(市府北 钰龙天下 精装两房 拎包即可入住)
201604,高鑫·麓城,长沙,1800,1800,66.6平米,岳麓区-桐梓坡路,112.9336,28.22793,高鑫·麓城租房(步步高附近，面朝王府井，高鑫麓城优质好房)
201604,钰龙天下佳园,长沙,1600,1600,80平米,岳麓区-金星大道,112.9395,28.252,钰龙天下佳园租房(市府北 钰龙天下 精装两房 拎包入住)
201604,高鑫·麓城,长沙,2000,2000,90平米,岳麓区-桐梓坡路,112.9336,28.22793,高鑫·麓城租房(步步高附近，面朝王府井，高鑫麓城优质好房)
201604,谋房博客,长沙,1300,1300,35平米,岳麓区-桐梓坡路,112.9287,28.22568,谋房博客租房(咸嘉新村附近，谋房博优质好房急租)
201604,高鑫·麓城,长沙,2000,2000,83平米,岳麓区-桐梓坡路,112.9336,28.22793,高鑫·麓城租房(步步高附近，面朝王府井，高鑫麓城优质好房)
201604,高鑫·麓城,长沙,3200,3200,158平米,岳麓区-桐梓坡路,112.9336,28.22793,高鑫·麓城租房(步步高附近，面朝王府井，高鑫麓城优质好房)
201604,高鑫·麓城,长沙,1800,1800,88平米,岳麓区-桐梓坡路,112.9336,28.22793,高鑫·麓城租房(步步高附近，面朝王府井，高鑫麓城优质好房)
201604,佳兴国际汇广场,长沙,1300,1300,39平米,岳麓区-桐梓坡路,112.9408,28.21812,佳兴国际汇广场租房(面朝步步高，王府井佳兴国际汇优质好房。)
201604,谋房博客,长沙,3800,3800,146平米,岳麓区-桐梓坡路,112.9287,28.22568,谋房博客租房(咸嘉新村附近，谋房博客优质好房。)
201604,钰龙天下佳园,长沙,1700,1700,78平米,岳麓区-金星大道,112.9395,28.252,钰龙天下佳园租房(市府北 钰龙天下 精装两房 拎包即可入住)
201604,钰龙天下佳园,长沙,2000,2000,104平米,岳麓区-金星大道,112.9395,28.252,钰龙天下佳园租房(市府北 钰龙天下 精装三房 拎包即可入住)
201604,钰龙天下佳园,长沙,2600,2600,95平米,岳麓区-金星大道,112.9395,28.252,钰龙天下佳园租房(市府北 钰龙天下 豪华三房 拎包即可入住)
201604,谋房博客,长沙,1600,1600,75平米,岳麓区-桐梓坡路,112.9287,28.22568,谋房博客租房(咸嘉新村附近，谋房博客好房急租)
201604,郡原广场,长沙,1800,1800,75平米,岳麓区-桐梓坡路,112.9359,28.2635,郡原广场租房(步步高附近，面朝王府井，郡原广场优质好房)
201604,郡原广场,长沙,2300,2300,78平米,岳麓区-桐梓坡路,112.9359,28.2635,郡原广场租房(步步高附近，面朝王府井，郡原广场优质好房)
201604,郡原广场,长沙,2300,2300,70平米,岳麓区-桐梓坡路,112.9359,28.2635,郡原广场租房(步步高附近，面朝王府井，郡原广场优质好房)
201604,郡原广场,长沙,1500,1500,38平米,岳麓区-桐梓坡路,112.9359,28.2635,郡原广场租房(步步高附近，面朝王府井，郡原广场优质好房)
201604,钰龙天下佳园,长沙,1500,1500,105平米,岳麓区-金星大道,112.9395,28.252,钰龙天下佳园租房(市府北 钰龙天下 精装空房 家具家电可配)
201604,恒大华府,长沙,2000,2000,90平米,岳麓区-银盆岭,112.9408,28.24252,恒大华府租房(市府北 恒大华府 精装小三房 拎包即可入)
201604,旭辉藏郡,长沙,2300,2300,88平米,岳麓区-金星大道,0,0,旭辉藏郡租房(市府北 旭辉藏郡 精装三房 拎包即可入住)
201604,恒大华府,长沙,1500,1500,36平米,岳麓区-银盆岭,112.9408,28.24252,恒大华府租房(市府北 恒大华府 精装公寓 拎包即可入住)
201604,星蓝湾小区,长沙,2400,2400,125平米,岳麓区-银盆岭,112.9602,28.23246,星蓝湾小区租房(银盆岭星蓝湾 三室两厅精装修家电俱全急租)
201604,岳北社区,长沙,1600,1600,97平米,岳麓区-银盆岭,113.0331,28.18293,岳北社区租房(精装两房 温馨如家 低价出租)
