201604,中粮自然天城,长沙,55.0,55.0, 120㎡,雷锋大道龙湖高尔夫球场旁,28.2027066349,112.908699353,【5图】中粮央企开发 现房 长郡学区房 低密度别墅区高层超30平赠送，长沙岳麓汽车西站中粮自然天城新房出售 - 长沙赶集网
201604,宏聚地中海,长沙,40.0,40.0, 70㎡,时代阳光大道459号,28.102600000852,113.05124489623,【7图】首付二万万 就能买到复式三房 还不来等什么，长沙雨花韶山南路宏聚地中海新房出售 - 长沙赶集网
201604,天麓尚层,长沙,42.3,42.3, 90㎡,雷锋大道,28.2472489145,112.894261068,【5图】河西环境最好的房子、4380起、首付2万、买3房、景观高层，长沙岳麓汽车西站天麓尚层新房出售 - 长沙赶集网
201604,美利新世界,长沙,62.0,62.0, 116㎡,富兴 五矿 珠江 万国 英祥 顺天 湘江 北辰...,28.258058,113.027651,【7图】二环线内！！精致小三房【惊爆均价5300】【随时看房】，长沙开福开福周边美利新世界新房出售 - 长沙赶集网
201604,汇金城,长沙,42.0,42.0, 76㎡,汇金路与环保大道交汇处,28.081055,113.022282,【4图】汽车南站 双学位房 双地铁口 汇金城 绿化好，长沙雨花汽车南站汇金城新房出售 - 长沙赶集网
201604,时代倾城,长沙,45.6,45.6, 85㎡,河西金星路步步高王府井附近,28.282202393445,112.93262221639,【5图】恒大华府商圈、精装大盘时代倾城、正地铁口、师大附中学位，长沙岳麓含浦时代倾城新房出售 - 长沙赶集网
201604,珠江郦城,长沙,145.0,145.0, 180㎡,楚天逸品 湘江一号 潮宗御苑 中建江山一号 保...,28.2602190564,113.024729972,【7图】精装大平层现房 270度全景无遮挡 零距离地铁口名校学位，长沙开福北辰三角洲珠江郦城新房出售 - 长沙赶集网
201604,晟通城,长沙,49.0,49.0, 135㎡,金星大道,28.346239947917,112.83511570023,【20图】现房 即买即住 买房送车位 双学位，长沙望城晟通城晟通城新房出售 - 长沙赶集网
201604,晟通城,长沙,47.0,47.0, 127㎡,望城金星大道109号晟通城,28.346239947917,112.83511570023,【20图】入住晟通城买房送车位，赠送名校砂子塘学位，享受优质物业服务。，长沙望城晟通城晟通城新房出售 - 长沙赶集网
201604,晟通城,长沙,47.0,47.0, 127㎡,金星北路晟通城,28.346239947917,112.83511570023,【20图】3750一口价，不分楼层不分朝向还送一个车位，长沙望城晟通城晟通城新房出售 - 长沙赶集网
201604,天麓尚层,长沙,36.0,36.0, 75㎡,雷锋大道,28.2472489145,112.894261068,【4图】存钱十年，不如一朝买房挣钱，长沙涨价在即，天麓清明节过后涨价，长沙岳麓汽车西站天麓尚层新房出售 - 长沙赶集网
201604,卓越蔚蓝城邦,长沙,56.0,56.0, 103㎡,韶山南路与时代阳光大道交汇处西南角（汽车南站东...,28.1464443621,113.020200715,【2图】大品牌 有保障 学位房 卓越你的家在这！！，长沙雨花雨花周边卓越蔚蓝城邦新房出售 - 长沙赶集网
201604,宏聚地中海,长沙,40.0,40.0, 68㎡,雨花韶山南路,28.102600000852,113.05124489623,【14图】宏聚地中海 南城首个复试楼 还不来抢嘛？？，长沙雨花韶山南路宏聚地中海新房出售 - 长沙赶集网
201604,卓越蔚蓝城邦,长沙,53.5,53.5, 103㎡,韶山南路与时代阳光大道交汇处西南角（汽车南站东...,28.1464443621,113.020200715,【5图】卓越蔚蓝城邦 学位房 地铁口 南城性价比最高 南北通透大3房，长沙雨花雨花周边卓越蔚蓝城邦新房出售 - 长沙赶集网
201604,卓越蔚蓝城邦,长沙,67.0,67.0, 130㎡,韶山南路与时代阳光大道交汇处西南角（汽车南站东...,28.1464443621,113.020200715,【10图】不要停留观望 好房子好价钱好地段好安全 依山旁水 环境优美，长沙雨花雨花周边卓越蔚蓝城邦新房出售 - 长沙赶集网
201604,澳海澜庭,长沙,35.4,35.4, 73㎡,望城银星路999号(戴公庙北侧),28.20437965716,112.95524782306,【5图】澳海澜庭 首付一万起 读长郡 购物去新华联 散步去谷山公园，长沙岳麓澳海澜庭新房出售 - 长沙赶集网
201604,MOMA当代广场,长沙,17.0,17.0, 38㎡,开元路与黄兴大道交汇处,28.250916,113.130393,【18图】投资客新去处【5年包租】！稳赢财富！，长沙星沙开元路MOMA当代广场新房出售 - 长沙赶集网
201604,晟通城,长沙,48.0,48.0, 135㎡,望城经济开发区,28.346239947917,112.83511570023,【20图】大三房纯板楼稀缺房源薄利让民，只此一家！免费地下车位等您来，长沙晟通城新房出售 - 长沙赶集网
201604,澳海澜庭,长沙,36.4,36.4, 75㎡,望城银星路999号(戴公庙北侧),28.20437965716,112.95524782306,【5图】澳海澜庭 首付一万起 得房率高 读长郡在对面 购物对面新华联，长沙岳麓澳海澜庭新房出售 - 长沙赶集网
201604,福乐康城,长沙,60.0,60.0, 92㎡,雨花区韶山路81号,28.166225,113.015975,【7图】赤岗冲 东塘桂花路福乐康城2室2厅 价格便宜优惠，长沙雨花侯家塘福乐康城新房出售 - 长沙赶集网
201604,中粮自然天城,长沙,55.8,55.8, 120㎡,雷锋大道,28.2027066349,112.908699353,【5图】中粮自然天成 现房让你担忧为0 欢迎咨询 开盘特大优惠中，长沙岳麓汽车西站中粮自然天城新房出售 - 长沙赶集网
201604,卓越蔚蓝城邦,长沙,41.0,41.0, 82㎡,韶山南路与时代阳光大道交汇处西南角（汽车南站东...,28.1464443621,113.020200715,【6图】卓越蔚蓝城邦 地铁口，首付1.5成，送一万平方公园。，长沙雨花雨花周边卓越蔚蓝城邦新房出售 - 长沙赶集网
201604,澳海澜庭,长沙,28.3,28.3, 75㎡,望城银星路999号(戴公庙北侧),28.20437965716,112.95524782306,【6图】去 澳海澜庭 下班一家人去谷山公园锻炼身体 吸收新鲜空气，长沙岳麓澳海澜庭新房出售 - 长沙赶集网
201604,宏聚地中海,长沙,38.5,38.5, 64㎡,时代阳光大道459号,28.102600000852,113.05124489623,【6图】宏聚地中海 64平的复式楼 圭塘河 时代阳光大道，长沙雨花韶山南路宏聚地中海新房出售 - 长沙赶集网
201604,卓越蔚蓝城邦,长沙,43.0,43.0, 83㎡,韶山南路与时代阳光大道交汇处西南角（汽车南站东...,28.1464443621,113.020200715,【图】靠山生活你值得拥有，长沙雨花雨花周边卓越蔚蓝城邦新房出售 - 长沙赶集网
201604,才子嘉都,长沙,25.0,25.0, 49㎡,雨花时代阳光大道与万芙路交汇处东南角   ,0,1,"【5图】才子嘉都 25万 2室1厅1卫 毛坯，叠野之王,您成功的归宿，长沙雨花汽车南站才子嘉都新房出售 - 长沙赶集网"
201604,卓越蔚蓝城邦,长沙,57.0,57.0, 106㎡,雨花韶山南路与时代阳光大道交汇处西南   ,0,1,【9图】卓越蔚蓝城邦 57万 3室2厅2卫 毛坯，阔绰客厅，超大阳台，长沙天心省政府卓越蔚蓝城邦新房出售 - 长沙赶集网
201604,城南时代,长沙,110.0,110.0, 216㎡,时代阳光大道,28.1464443621,113.020200715,【10图】别墅这么便宜的房子你看到过吗？而且找我还可以团购价哦，长沙雨花其他城南时代新房出售 - 长沙赶集网
201604,晟通城,长沙,34.0,34.0, 76㎡,望城金星大道109号（美特新材料科技公司...,28.346239947917,112.83511570023,【8图】晟通女业主低价出售两房两厅 三年最佳物业小区，长沙岳麓市政府晟通城新房出售 - 长沙赶集网
201604,天麓尚层,长沙,36.0,36.0, 75㎡,雷锋大道人人乐莱茵城长株潭轻轨口旁,28.2472489145,112.894261068,【5图】岳麓区西站轻轨口 4380起买高绿化别墅区高层 车位特价，长沙岳麓汽车西站天麓尚层新房出售 - 长沙赶集网
201604,福乐康城,长沙,60.0,60.0, 92㎡,雨花区韶山路81号,28.166225,113.015975,【7图】赤岗冲 东塘桂花路福乐康城2室2厅 价格便宜优惠，长沙雨花侯家塘福乐康城新房出售 - 长沙赶集网
201604,博长山水香颐,长沙,45.0,45.0, 85㎡,雨花圭塘,28.100781,113.052249,【3图】博长山水香颐Close to you 汽车南站，长沙雨花圭塘博长山水香颐新房出售 - 长沙赶集网
201604,卓越蔚蓝城邦,长沙,70.0,70.0, 130㎡,韶山南路与时代阳光大道交汇处西南角（汽车南站东...,28.1464443621,113.020200715,【4图】卖一套好房子给你最爱的人！！卓越！！Close to you，长沙雨花雨花周边卓越蔚蓝城邦新房出售 - 长沙赶集网
201604,五矿万境蓝山,长沙,75.0,75.0, 131㎡,汇金路,28.087198,113.017413,【7图】环境优雅 大品牌值得信赖 五矿万境蓝山，长沙雨花汽车南站五矿万境蓝山新房出售 - 长沙赶集网
201604,卓越蔚蓝城邦,长沙,56.0,56.0, 103㎡,韶山南路与时代阳光大道交汇处西南角（汽车南站东...,28.1464443621,113.020200715,【7图】卓越蔚蓝城邦 汽车南站附近 交通便捷 带学位，长沙雨花雨花周边卓越蔚蓝城邦新房出售 - 长沙赶集网
201604,天麓尚层,长沙,49.9,49.9, 107㎡,雷锋大道,28.2472489145,112.894261068,【5图】天麓尚层 首付一万起 双轻轨口 人人乐旁 得房率高 欢迎咨询，长沙岳麓天麓尚层新房出售 - 长沙赶集网
201604,天麓尚层,长沙,34.1,34.1, 75㎡,雷锋大道,28.2472489145,112.894261068,【5图】天麓尚层 首付一万起 双轻轨口 人人乐旁 得房率高 欢迎咨询，长沙岳麓汽车西站天麓尚层新房出售 - 长沙赶集网
201604,卓越蔚蓝城邦,长沙,68.9,68.9, 130㎡,韶山南路与时代阳光大道交汇处西南角（汽车南站东...,28.1464443621,113.020200715,【4图】汽车南站 卓越品质 舒适四房 卓越蔚蓝城邦，长沙雨花雨花周边卓越蔚蓝城邦新房出售 - 长沙赶集网
201604,欧莱雅郡,长沙,45.0,45.0, 83.47㎡,时代阳光大道（省植物园南）,28.099736,113.034923,【4图】汽车南站超值现房，环境优雅 欧莱雅郡，长沙雨花韶山南路欧莱雅郡新房出售 - 长沙赶集网
201604,金地自在城,长沙,35.4,35.4, 91㎡,雷锋大道,28.2027066349,112.908699353,【6图】金地自在城 周末回馈客户 特推十套特价房 抢完截止 欢迎咨询，长沙岳麓金地自在城新房出售 - 长沙赶集网
201604,博长山水香颐,长沙,60.0,60.0, 117㎡,时代阳光大道和万家丽路交汇处,28.100988,113.052052,【4图】好风水 准现房 交通方便博长山水香颐，长沙雨花博长山水香颐新房出售 - 长沙赶集网
201604,博长山水相颐,长沙,40.0,40.0, 85.20㎡,城南时代，才子嘉都，汇金城，喜盈门，德思勤，红...,28.101602,113.051576,【5图】博长山水相颐，两园一河风光带，智能小区学位房。，长沙雨花雨花周边博长山水相颐新房出售 - 长沙赶集网
201604,卓越蔚蓝城邦,长沙,70.0,70.0, 130㎡,雨花雨花周边,28.1464443621,113.020200715,【5图】地铁口 学位房 卓越蔚蓝城邦 汽车南站，长沙雨花雨花周边卓越蔚蓝城邦新房出售 - 长沙赶集网
201604,珠江郦城,长沙,108.0,108.0, 137㎡,芙蓉北路与福元西路交汇处东南角,28.2602190564,113.024729972,【15图】紧俏四房，超高绿化，带学位，紧邻地铁口，配套齐全，长沙开福三一大道珠江郦城新房出售 - 长沙赶集网
201604,博长山水相颐,长沙,61.0,61.0, 121㎡,韶山路，德思勤，红星，喜盈门,28.101601,113.051553,【7图】博长山水相颐 山水智能屋 地铁公园房！！，长沙雨花雨花周边博长山水相颐新房出售 - 长沙赶集网
201604,汇金城,长沙,42.0,42.0, 76㎡,汇金路与环保大道交汇处,28.081055,113.022282,【4图】汽车南站 双学位房 双地铁口 汇金城 绿化好，长沙雨花汽车南站汇金城新房出售 - 长沙赶集网
201604,博长山水香颐,长沙,72.5,72.5, 137.40㎡,时代阳光大道与万家丽路交汇处往东,28.101442,113.051432,【4图】博长山水香颐 地铁口现房 4+1五房 带学位，长沙雨花洞井铺博长山水香颐新房出售 - 长沙赶集网
201604,卓越蔚蓝城邦,长沙,55.6,55.6, 103㎡,时代阳光大道桃花塅路,28.1464443621,113.020200715,【4图】汽车南站旁 卓越蔚蓝城邦 103平大三房 品质楼盘带公园，长沙雨花卓越蔚蓝城邦新房出售 - 长沙赶集网
201604,珠江郦城,长沙,64.0,64.0, 78㎡,珠江 五矿 万国 黄金 湘江世纪城 四方坪 芙...,28.2602190564,113.024729972,【7图】首付一成 珠江郦城 双地铁 精装 学位两房，长沙开福北辰三角洲珠江郦城新房出售 - 长沙赶集网
201604,博长山水香颐,长沙,63.6,63.6, 121.19㎡,时代阳光大道与万家丽路交汇处往东,28.100829,113.051872,【4图】小学中学双学位 博长山水香颐 低首付买地铁物业，长沙雨花博长山水香颐新房出售 - 长沙赶集网
201604,博长山水香颐,长沙,50.6,50.6, 96.51㎡,时代阳光大道与万家丽路交汇处往东,28.100829,113.051872,【4图】2+1三房 博长山水香颐 地铁口现房 双学位，长沙雨花博长山水香颐新房出售 - 长沙赶集网
201604,博长山水香颐,长沙,51.0,51.0, 96㎡,时代阳光大道与万家丽路交汇处,28.101593,113.051558,【5图】博长山水香颐 真正的景观好房 动静结悠然自得 好房不等人，长沙雨花汽车南站博长山水香颐新房出售 - 长沙赶集网
201604,勤诚达新界,长沙,50.0,50.0, 90㎡,地铁四号线普瑞大道站（月亮岛西侧）,28.333222442641,112.88535436537,【6图】(开发商)勤诚达新界地铁口地中海风情洋房火爆认筹中，长沙岳麓金星大道勤诚达新界新房出售 - 长沙赶集网
201604,新城国际花都,长沙,42.1,42.1, 108㎡,金地自在城天麓尚层恒大名都,28.216389815955,112.90752256659,【5图】雷锋大道入住率高达80%小区 长郡 地铁口 交通便利 商场旁，长沙岳麓麓谷新城国际花都新房出售 - 长沙赶集网
201604,勤诚达新界,长沙,45.0,45.0, 93㎡,望城县星城镇月亮岛社区,28.333222442641,112.88535436537,【6图】(开发商)勤诚达新界地铁口地中海风情洋房火爆认筹中，长沙岳麓望城坡勤诚达新界新房出售 - 长沙赶集网
201604,金地自在城,长沙,35.0,35.0, 91㎡,雷锋大道汽车西站,28.2027066349,112.908699353,【5图】汽车西站以北雷锋大道唯一现房 即买即住 首付两成还可分期，长沙岳麓汽车西站金地自在城新房出售 - 长沙赶集网
201604,宏聚地中海,长沙,40.0,40.0, 70㎡,时代阳光大道459号,28.102600000852,113.05124489623,【7图】首付二万万 就能买到复式三房 还不来等什么，长沙雨花韶山南路宏聚地中海新房出售 - 长沙赶集网
201604,湘江世纪城,长沙,52.0,52.0, 92㎡,政府西侧.富兴.旺角,28.265932,112.984532,【7图】一手商铺 品牌保障 匠心筑造 配套完善 便捷生活，长沙开福湘江世纪城湘江世纪城新房出售 - 长沙赶集网
201604,湘江世纪城,长沙,32.0,32.0, 36㎡,政府西侧,28.265932,112.984532,【9图】富兴旺角 一手楼盘 财富潜力不可限量 升值空间看得见，长沙开福湘江世纪城湘江世纪城新房出售 - 长沙赶集网
201604,澳海澜庭,长沙,38.0,38.0, 80㎡,望城银星路999号 金星北 富基世纪公园,28.20437965716,112.95524782306,【7图】4800元/起抢精装、近地铁口、双公园、名校周边、看房车接送，长沙望城其他澳海澜庭新房出售 - 长沙赶集网
201604,新城国际花都,长沙,39.0,39.0, 96㎡,望城雷锋大道与银星路交汇处东南角（百果园对面）,28.216389815955,112.90752256659,【4图】汽车西站 人人乐 雷锋大道 园林式环境 免佣 3600每平起，长沙望城其他新城国际花都新房出售 - 长沙赶集网
201604,珠江郦城,长沙,60.0,60.0, 78㎡,五矿沁园金城 恒大御景半岛 伍家岭 汽车北站 ...,28.2602190564,113.024729972,【7图】【精选】自带精装房、新房团购价、双地铁口双名校学位、江景房，长沙开福北辰三角洲珠江郦城新房出售 - 长沙赶集网
201604,博长山水香颐,长沙,63.0,63.0, 120㎡,时代阳光大道与万家丽路交汇处,28.101586,113.051567,【6图】博长山水香颐 智能化小区 带双学位现房 小孩读书有保障！，长沙雨花汽车南站博长山水香颐新房出售 - 长沙赶集网
201604,澳海澜庭,长沙,43.0,43.0, 94㎡,望城区星城镇戴公庙,28.20437965716,112.95524782306,【4图】澳海澜庭 与谷山公园为邻 坐拥成熟商超 长郡学校 特推特价房，长沙岳麓其他澳海澜庭新房出售 - 长沙赶集网
201604,勤诚达新界,长沙,28.0,28.0, 107㎡,地铁四号线普瑞大道站（月亮岛西侧）,28.333222442641,112.88535436537,【6图】(开发商)勤诚达新界地铁口地中海风情洋房火爆销售中，长沙岳麓金星大道勤诚达新界新房出售 - 长沙赶集网
201604,澳海澜庭,长沙,46.4,46.4, 95㎡,望城区星城镇戴公庙,28.20437965716,112.95524782306,【5图】澳海澜庭 首付一层起 够精装通透三房 与谷山 长郡 商超为邻，长沙岳麓其他澳海澜庭新房出售 - 长沙赶集网
201604,博长山水香颐,长沙,42.0,42.0, 85㎡,时代阳光大道与万家丽路交汇处,28.101586,113.051567,【5图】博长山水香颐 临地铁口 双学位现房 看得到的升值空间！，长沙雨花汽车南站博长山水香颐新房出售 - 长沙赶集网
201604,中粮自然天城,长沙,57.0,57.0, 120㎡,雷锋大道人人乐莱茵城往北,28.2027066349,112.908699353,【5图】新房团购 西站北唯一现房 阔大别墅区高层 超30平赠送，长沙岳麓汽车西站中粮自然天城新房出售 - 长沙赶集网
201604,博长山水香颐,长沙,58.0,58.0, 117㎡,时代阳光大道与万家丽路交汇处,28.101625,113.05154,【7图】博长山水香颐 南北通透大3房 智能小区学位现房出售！，长沙雨花汽车南站博长山水香颐新房出售 - 长沙赶集网
201604,博长山水香颐,长沙,47.5,47.5, 89.62㎡,时代阳光大道与万家丽路交汇处,28.101625,113.05154,【5图】博长山水香颐 智能小区 双学位现房 及买及装修 小孩学业无忧，长沙雨花汽车南站博长山水香颐新房出售 - 长沙赶集网
201604,博长山水香颐,长沙,45.0,45.0, 85.23㎡,时代阳光大道与万家丽路交汇处,28.101625,113.05154,【5图】博长山水香颐 临地铁口绿化高 带双学位 居家首选！，长沙雨花汽车南站博长山水香颐新房出售 - 长沙赶集网
201604,奥海澜庭,长沙,37.0,37.0, 79㎡,市政府往北银星路谷山公园旁,28.2027066349,112.908699353,【5图】新房团购 首付一万买精装两房 带长郡学区 免契税，长沙岳麓汽车西站奥海澜庭新房出售 - 长沙赶集网
201604,天麓尚层,长沙,52.3,52.3, 109㎡,雷锋大道人人乐莱茵城长株潭轻轨口旁,28.2472489145,112.894261068,【5图】新房团购 首付两万买岳麓区西站附近准现房 买房送车位，长沙岳麓汽车西站天麓尚层新房出售 - 长沙赶集网
201604,博长山水香颐,长沙,60.0,60.0, 120.25㎡,时代阳光大道与万家丽路交汇处,28.101625,113.05154,【7图】博长山水香颐 120㎡超大三房 南北通透 临5号地铁口，长沙雨花汽车南站博长山水香颐新房出售 - 长沙赶集网
201604,博长山水香颐,长沙,51.2,51.2, 96.51㎡,时代阳光大道与万家丽路交汇处,28.101625,113.05154,【6图】博长山水香颐 地铁口学位现房 特价房源有限 赶紧抢购！，长沙雨花汽车南站博长山水香颐新房出售 - 长沙赶集网
201604,宏聚地中海,长沙,38.0,38.0, 64㎡,时代阳光大道宏聚地中海,28.102600000852,113.05124489623,【6图】地铁口复试两房、送空中花园、即买即入住、层高五米八、带学位，长沙雨花汽车南站宏聚地中海新房出售 - 长沙赶集网
201604,木莲花苑,长沙,62.0,62.0, 137㎡,木莲东路81号,28.135856,113.047016,【7图】木莲花苑带雨花实验小学指标，地铁口，花园式小区，，长沙雨花砂子塘木莲花苑新房出售 - 长沙赶集网
201604,勤诚达新界,长沙,28,28, 107 ㎡,地铁四号线普瑞大道站（月亮岛西侧）,28.333222442641,112.88535436537,【6图】(开发商)勤诚达新界地铁口地中海风情洋房火爆认筹中，长沙岳麓望城坡勤诚达新界新房出售 - 长沙赶集网
201604,天麓尚层,长沙,45.8,45.8, 98㎡,雷锋大道,28.2472489145,112.894261068,【5图】天麓尚层 离西站 人人乐都近 岳麓区的房子 买房值得咨询，长沙岳麓天麓尚层新房出售 - 长沙赶集网
201604,才子嘉都,长沙,53.1,53.1, 94㎡,雨花时代阳光大道与万芙路交汇处东南角   ,0,1,【7图】才子嘉都 53.1万 3室2厅2卫 普通装修，南北通透 安静，长沙雨花汽车南站才子嘉都新房出售 - 长沙赶集网
201604,欧莱雅郡,长沙,47.0,47.0, 90㎡,时代阳光大道 省质监局旁 ,28.099736,113.034923,【8图】新！靠山豪宅 白云深处有人家 送花园！，长沙雨花汽车南站欧莱雅郡新房出售 - 长沙赶集网
201604,城南时代,长沙,110.0,110.0, 216㎡,时代阳光大道,28.1464443621,113.020200715,【10图】别墅这么便宜的房子你看到过吗？而且找我还可以团购价哦，长沙雨花其他城南时代新房出售 - 长沙赶集网
201604,才子嘉都,长沙,25.0,25.0, 49㎡,雨花时代阳光大道与万芙路交汇处东南角   ,0,1,"【5图】才子嘉都 25万 2室1厅1卫 毛坯，叠野之王,您成功的归宿，长沙雨花汽车南站才子嘉都新房出售 - 长沙赶集网"
201604,卓越蔚蓝城邦,长沙,43.0,43.0, 83㎡,韶山南路与时代阳光大道交汇处西南角（汽车南站东...,28.1464443621,113.020200715,【图】靠山生活你值得拥有，长沙雨花雨花周边卓越蔚蓝城邦新房出售 - 长沙赶集网
201604,卓越蔚蓝城邦,长沙,57.0,57.0, 106㎡,雨花韶山南路与时代阳光大道交汇处西南   ,0,1,【9图】卓越蔚蓝城邦 57万 3室2厅2卫 毛坯，阔绰客厅，超大阳台，长沙天心省政府卓越蔚蓝城邦新房出售 - 长沙赶集网
201604,宏聚地中海,长沙,38.5,38.5, 64㎡,时代阳光大道459号,28.102600000852,113.05124489623,【6图】宏聚地中海 64平的复式楼 圭塘河 时代阳光大道，长沙雨花韶山南路宏聚地中海新房出售 - 长沙赶集网
201604,雨花区规划局,长沙,68.0,68.0, 68㎡,马王堆路与人民东路交汇处,28.1464443621,113.020200715,【3图】宏聚地中海精美复式楼，长沙雨花高桥雨花区规划局新房出售 - 长沙赶集网
201604,卓越蔚蓝城邦,长沙,53.0,53.0, 103㎡,韶山南路与时代阳光大道交汇处西南角 汽车南站东...,28.1464443621,113.020200715,【9图】妈妈再也不用担心我读书的问题啦，学位房，学位房，长沙雨花雨花周边卓越蔚蓝城邦新房出售 - 长沙赶集网
201604,振业城,长沙,118.0,118.0, 171㎡,河西先导区核心梅溪湖（枫林路与雷锋西大道交汇处...,28.204814,112.913396,【8图】繁华地段！振业城 141平经典通透户型 双名校+双地铁口哦，长沙岳麓麓谷振业城新房出售 - 长沙赶集网
201604,欧莱雅郡,长沙,36.2,36.2, 71㎡,时代阳光大道 省植物园南,28.099736,113.034923,【6图】欧莱雅郡 夜空中最亮的星 微信X897362734，长沙雨花韶山南路欧莱雅郡新房出售 - 长沙赶集网
201604,富基世纪公园,长沙,34.8,34.8, 87㎡,普瑞大道二段888号,28.299914316596,112.90635684126,【5图】富基世纪公园 首付一层起 上长郡 得房率高 成熟小区，长沙岳麓金星大道富基世纪公园新房出售 - 长沙赶集网
201604,宏聚地中海,长沙,42.0,42.0, 70㎡,时代阳光大道459号,28.102600000852,113.05124489623,【7图】地铁口 汽车南站 恒大城 五江天街 70平实景复式楼现房，长沙雨花韶山南路宏聚地中海新房出售 - 长沙赶集网
201604,奥林匹克花园,长沙,57.0,57.0, 110㎡,特立西路与锦绣路交汇处东南角,28.115658771257,113.00691414815,"【7图】免佣金,团购价奥林匹克花园 运动在家让你足不出户做运动，长沙星沙特立路奥林匹克花园新房出售 - 长沙赶集网"
201604,金地自在城,长沙,33.3,33.3, 90㎡,雷锋大道,28.2027066349,112.908699353,【6图】金地自在城 品牌地产 汽车西站旁 天然湖景 享长郡名校 免，长沙岳麓汽车西站金地自在城新房出售 - 长沙赶集网
201604,时代倾城,长沙,45.6,45.6, 85㎡,河西金星路步步高王府井附近,28.282202393445,112.93262221639,【5图】恒大华府商圈、精装大盘时代倾城、正地铁口、师大附中学位，长沙岳麓含浦时代倾城新房出售 - 长沙赶集网
201604,金茂悦,长沙,61.5,61.5, 89㎡,梅溪湖北路与麓云路交汇处东北角,28.2027066349,112.908699353,【5图】梅溪湖金茂悦 50米地铁口 小区自带名校 纯板房设计，长沙岳麓金茂悦新房出售 - 长沙赶集网
201604,金地自在城,长沙,35.8,35.8, 96㎡,雷锋大道,28.2027066349,112.908699353,【4图】3680起毛坯现房、婚房首选、汽车西站、带学区、投资升值，长沙岳麓汽车西站金地自在城新房出售 - 长沙赶集网
201604,珠江郦城,长沙,68.0,68.0, 93㎡,芙蓉北路与福元西路交汇处东南角,28.2602190564,113.024729972,【5图】北区热销国企大盘 珠江郦城 双地铁 精装 学位小三房，长沙开福三一大道珠江郦城新房出售 - 长沙赶集网
201604,博长山水相颐,长沙,58.0,58.0, 117㎡,汇金城，卓越蔚蓝城邦，才子嘉都，中南红领帮，德...,28.101641,113.051567,【7图】博长山水相颐，地铁口，学位房，两山+一水，智能化社区。，长沙雨花雨花周边博长山水相颐新房出售 - 长沙赶集网
201604,金地自在城,长沙,35.0,35.0, 91㎡,雷锋大道人人乐莱茵城长株潭轻轨口往北,28.2027066349,112.908699353,【5图】金地集团28周年庆，特批优惠房源3788/平起、即买即入住，长沙岳麓雷锋大道金地自在城新房出售 - 长沙赶集网
201604,澳海澜庭,长沙,37.0,37.0, 79㎡,金星大道市政府往北长郡中学附近,28.20437965716,112.95524782306,【5图】澳海澜庭精装修 五千抵六万 长郡中小学学区房 谷山森林公园，长沙岳麓汽车西站澳海澜庭新房出售 - 长沙赶集网
201604,中粮自然天城,长沙,56.5,56.5, 120㎡,雷锋大道人人乐莱茵城长株潭轻轨口往北,28.2027066349,112.908699353,【5图】现房！中粮自然天城，0公摊品质华宅、高绿化，双学区房！，长沙岳麓枫林路中粮自然天城新房出售 - 长沙赶集网
201604,中粮自然天城,长沙,56.0,56.0, 120㎡,雷锋大道人人乐莱茵城长株潭轻轨口往北,28.2027066349,112.908699353,"【5图】央企现房、楼王栋、超大赠送、免契税,即买即住,投资居家首选，长沙岳麓汽车西站中粮自然天城新房出售 - 长沙赶集网"
201604,博长山水相颐,长沙,60.0,60.0, 120㎡,红星商圈，德思勤商圈，喜盈门商圈,28.099674,113.061062,【7图】博长，身心疲惫，懒人社区来抚慰！，长沙雨花雨花周边博长山水相颐新房出售 - 长沙赶集网
201604,宏聚地中海,长沙,54.0,54.0, 90㎡,雨花雨花周边,28.102600000852,113.05124489623,【14图】南城首个复式公寓现房，买到即赚到。，长沙雨花雨花周边宏聚地中海新房出售 - 长沙赶集网
201604,博长山水相颐,长沙,40.0,40.0, 85㎡,喜盈门商圈高架桥旁,28.101617,113.051576,【5图】博长山水相颐，40万成就大三房，远程智能遥控家具系统。，长沙雨花雨花周边博长山水相颐新房出售 - 长沙赶集网
201604,卓越蔚蓝城邦,长沙,53.0,53.0, 103㎡,韶山南路与时代阳光大道交汇处西南角（汽车南站东...,28.1464443621,113.020200715,【5图】卓越品质坐拥私家山体 尊享靠山，长沙雨花雨花周边卓越蔚蓝城邦新房出售 - 长沙赶集网
201604,阳光锦城,长沙,65.0,65.0, 111㎡,雨花韶山中路421号,28.160835,113.003738,【8图】自带双学位，雨花亭商圈配套，地铁口公园小区，实用，送入户花园，长沙雨花韶山中路阳光锦城新房出售 - 长沙赶集网
201604,珠江郦城,长沙,62.0,62.0, 78㎡,芙蓉北路与福元西路交汇处东南角,28.2602190564,113.024729972,【9图】周末搞活动——首付三万买—地铁口带学房的精装两房，长沙开福浏阳河珠江郦城新房出售 - 长沙赶集网
201604,天麓尚层,长沙,43.2,43.2, 92㎡,雷锋大道,28.2472489145,112.894261068,【5图】汽车西站、现房销售【天麓尚层】首付二万、车位半价、墅区高层，长沙岳麓天麓尚层新房出售 - 长沙赶集网
201604,天麓尚层,长沙,35.0,35.0, 75㎡,雷锋大道,28.2472489145,112.894261068,【7图】银盆岭市政府商圈、现房天麓尚层，长沙岳麓天麓尚层新房出售 - 长沙赶集网
201604,澳海澜庭,长沙,43.0,43.0, 94㎡,望城区星城镇戴公庙,28.20437965716,112.95524782306,【4图】澳海澜庭 周末特推20套特价房 先到先得 3680一平起，长沙岳麓其他澳海澜庭新房出售 - 长沙赶集网
201604,宏聚地中海,长沙,38.0,38.0, 64㎡,时代阳光大道459号,28.102600000852,113.05124489623,【7图】宏聚地中海首付几万 买实用复式楼 超大赠送 全方位空间利用，长沙雨花韶山南路宏聚地中海新房出售 - 长沙赶集网
201604,湖湘奥林匹克花园,长沙,60.0,60.0, 116㎡,特立路与万家丽北路交汇处,28.237535,113.098835,【14图】月湖公园北.赠送面积大道10个点的豪华3房.免佣金随时看房，长沙星沙特立路湖湘奥林匹克花园新房出售 - 长沙赶集网
201604,金地三千府,长沙,106.0,106.0, 143㎡,雷峰大道龙湖高尔夫北面,28.216389815955,112.90752256659,【7图】金地三千府 特价别墅106万 千亩花园式别墅环境决定品质生活，长沙岳麓麓谷金地三千府新房出售 - 长沙赶集网
201604,晟通城,长沙,160.0,160.0, 214㎡,金星大道109号,28.346239947917,112.83511570023,【4图】160万买复式楼214平米的房子，三层带露台！，长沙岳麓金星大道晟通城新房出售 - 长沙赶集网
201604,晟通城,长沙,53.0,53.0, 142㎡,望城经济开发区,28.346239947917,112.83511570023,"【19图】自然闲适,品味生活,棕榈园林,鼎力相助——晟通城,心宁之所，长沙晟通城新房出售 - 长沙赶集网"
201604,晟通城,长沙,53.0,53.0, 142㎡,金星大道109号,28.346239947917,112.83511570023,【3图】贴心物业服务让您住的放心与安心，选好物业小区就选晟通城！，长沙岳麓金星大道晟通城新房出售 - 长沙赶集网
201604,晟通城,长沙,46.6,46.6, 135㎡,望城金星大道109号（砂子塘新世博小学旁）,28.346239947917,112.83511570023,【19图】晟通城VS润和紫郡、不一样的城！，长沙天心晟通城新房出售 - 长沙赶集网
201604,湘域熙岸,长沙,138.0,138.0, 161㎡,人民东路329号,28.1911622838,113.048082861,【10图】芙蓉区高端住宅湘域熙岸(正地铁口+育才学位)两证在手，长沙芙蓉芙蓉区政府湘域熙岸新房出售 - 长沙赶集网
201604,天祥水晶湾,长沙,140.0,140.0, 140㎡,天祥水晶湾金茂梅溪湖桃花岭(地铁2号线麓云路站,28.19618,112.898746,【7图】天祥水晶湾 临湖一线观景房 地铁口旁 升值空间大，长沙岳麓其他天祥水晶湾新房出售 - 长沙赶集网
201604,恒大城,长沙,60.8,60.8, 93㎡,恒大城万家丽路与时代阳光大道交汇处东北角,28.10184,113.048447,【5图】好房急售，恒大城精装三房 只卖3天 三天必卖 急急急，长沙恒大城新房出售 - 长沙赶集网
201604,欧莱雅郡,长沙,43.0,43.0, 85㎡,时代阳光大道（省植物园南）,28.099736,113.034923,【8图】来电免费看房汽车南站 地铁口 轻轨旁 现房 首付8万买三房！，长沙雨花韶山南路欧莱雅郡新房出售 - 长沙赶集网
201604,欧莱雅郡,长沙,46.8,46.8, 85㎡,时代阳光大道（省植物园南）,28.099736,113.034923,【8图】看房免佣 环境好 带双学位 地铁口 现房 送超大露台，长沙雨花韶山南路欧莱雅郡新房出售 - 长沙赶集网
201604,天麓尚层,长沙,35.8,35.8, 75㎡,雷锋大道人人乐莱茵城长株潭轻轨口旁,28.2472489145,112.894261068,【5图】【2-4房有】【首付1成】【准现房】【可以货补】轻轨口 免税，长沙岳麓望城坡天麓尚层新房出售 - 长沙赶集网
201604,天麓尚层,长沙,43.6,43.6, 91㎡,雷锋大道人人乐莱茵城长株潭轻轨口旁,28.2472489145,112.894261068,【5图】4480元/平起、人人乐、地铁口、首付1成0利息送车位减免卷，长沙岳麓汽车西站天麓尚层新房出售 - 长沙赶集网
201604,澳海澜庭,长沙,37.0,37.0, 79㎡,金星大道市政府往北长郡中学附近,28.20437965716,112.95524782306,【5图】均价4800买精装 总价40万买居家两房带长郡中小学学区，长沙岳麓金星大道澳海澜庭新房出售 - 长沙赶集网
201604,奥海澜庭,长沙,37.9,37.9, 79㎡,金星路步步高四号线长郡中学附近,28.2027066349,112.908699353,【6图】市政府以北精装房 首付一万分期免利息 享九年长郡教育，长沙岳麓汽车西站奥海澜庭新房出售 - 长沙赶集网
201604,中粮自然天城,长沙,54.7,54.7, 120㎡,雷锋大道人人乐莱茵城长株潭轻轨口往北,28.2027066349,112.908699353,【5图】长郡学区现房 央企品质 零公摊 超30m²赠送 别墅湖景高层，长沙岳麓雷锋大道中粮自然天城新房出售 - 长沙赶集网
201604,美利新世界,长沙,22.0,22.0, 37㎡,综合农场果林分场,28.258058,113.027651,【5图】美利新世界 首付6万 公寓首选 地铁口 学区房 现特价热销售，长沙开福其他美利新世界新房出售 - 长沙赶集网
201604,美利新世界,长沙,62.0,62.0, 116㎡,富兴 五矿 珠江 万国 英祥 顺天 湘江 北辰...,28.258058,113.027651,【7图】二环线内！！精致小三房【惊爆均价5300】【随时看房】，长沙开福开福周边美利新世界新房出售 - 长沙赶集网
201604,珠江郦城,长沙,235.0,235.0, 230㎡,藏龙 龙湖 北辰 万达 五一 芙蓉北路与福元西...,28.2602190564,113.024729972,【7图】新环境代理【选珠江璞墅选传奇人生】二环内唯一高端别墅区，长沙开福广电中心珠江郦城新房出售 - 长沙赶集网
201604,珠江郦城,长沙,283.0,283.0, 258㎡,藏龙 龙湖 北辰 万达 五一 芙蓉北路与福元西...,28.2602190564,113.024729972,【7图】珠江郦城 城中别墅 买两层送两层 拨打本人电话可享受团购价，长沙开福开福周边珠江郦城新房出售 - 长沙赶集网
201604,博长山水香颐,长沙,47.0,47.0, 89.62㎡,时代阳光大道与万家丽路交汇处往东,28.100829,113.051872,【4图】低首付买房 博长山水香颐 配套成熟 学位现房，长沙雨花博长山水香颐新房出售 - 长沙赶集网
201604,中粮自然天城,长沙,56.5,56.5, 120㎡,雷锋大道人人乐莱茵城长株潭轻轨口往北,28.2027066349,112.908699353,【5图】中粮现房央企大盘、赠送29㎡、靠山瞰湖、购房首选，长沙岳麓溁湾镇中粮自然天城新房出售 - 长沙赶集网
201604,博长山水香颐,长沙,46.5,46.5, 87.58㎡,时代阳光大道与万家丽路交汇处,28.100574,113.051441,【4图】独家房源 错过了就没有了 博长山水香颐 等你来，长沙雨花洞井铺博长山水香颐新房出售 - 长沙赶集网
201604,博长山水香颐,长沙,51.4,51.4, 97㎡,时代阳光大道与万家丽路交汇处往东,28.101044,113.051288,【4图】汽车南站 博长山水香颐 双学位现房 靠地铁近 三开间朝南，长沙雨花汽车南站博长山水香颐新房出售 - 长沙赶集网
201604,金地自在城,长沙,36.5,36.5, 96㎡,雷锋大道,28.2027066349,112.908699353,【4图】金地自在城、婚房首选、汽车西站、带学区、投资升值，长沙岳麓汽车西站金地自在城新房出售 - 长沙赶集网
201604,天鸿中央大院,长沙,85.5,85.5, 119㎡,铁道学院北竹塘西路180号,28.15188,112.997363,【5图】大绿化 超实惠 地铁房 天鸿中央大院，长沙雨花雨花亭天鸿中央大院新房出售 - 长沙赶集网
201604,博长山水香颐,长沙,63.6,63.6, 120㎡,时代阳光大道与万家丽路交汇处,28.101601,113.051567,【7图】政策已经至此 房价逐渐回升 你还在观望么，长沙雨花汽车南站博长山水香颐新房出售 - 长沙赶集网
201604,富基世纪公园,长沙,45.8,45.8, 120㎡,普瑞大道二段888号,28.299914316596,112.90635684126,【8图】最美花园居家首选，河西最划算的楼盘。，长沙岳麓金星大道富基世纪公园新房出售 - 长沙赶集网
201604,渔人码头,长沙,100.0,100.0, 50㎡,岳麓银盆岭,28.2027066349,112.908699353,【12图】河西豪华商业街投资首选，长沙岳麓银盆岭渔人码头新房出售 - 长沙赶集网
201604,湘江世纪城,长沙,269.8,269.8, 200㎡,政府西侧,28.265932,112.984532,【6图】湘江豪庭 超豪华装修 送车位 价格超实惠，长沙开福湘江世纪城湘江世纪城新房出售 - 长沙赶集网
201604,湘江世纪城,长沙,89.9,89.9, 134㎡,政府西侧,28.265932,112.984532,【6图】抢手房 热销户型 精装修 送车位带地暖 性价比超高，长沙开福湘江世纪城湘江世纪城新房出售 - 长沙赶集网
201604,悦湖山,长沙,75.0,75.0, 160㎡,珠江郦城 五矿沁园金城 楚天逸品 北辰三角洲 ...,28.259127,113.044632,【7图】现房，广电中心地铁口，稀缺周正户型，环境好，交通便利，长沙开福四方坪悦湖山新房出售 - 长沙赶集网
201604,卓越蔚蓝城邦,长沙,57.0,57.0, 101㎡,韶山南路与时代阳光大道交汇处西南角（汽车南站东...,28.1464443621,113.020200715,【2图】卓越·蔚蓝城邦 买到就是赚到，长沙雨花雨花周边卓越蔚蓝城邦新房出售 - 长沙赶集网
201604,卓越蔚蓝城邦,长沙,70.0,70.0, 130㎡,韶山南路与时代阳光大道交汇处西南角（汽车南站东...,28.1464443621,113.020200715,【7图】卓越蔚蓝城邦 地铁口 学位房 低首付，长沙雨花雨花周边卓越蔚蓝城邦新房出售 - 长沙赶集网
201604,中粮自然天城,长沙,54.7,54.7, 120㎡,雷锋大道人人乐莱茵城长株潭轻轨口往北,28.2027066349,112.908699353,【5图】西站北.央企开发商现房出售 60%超高绿化零公摊 长株潭轻轨，长沙岳麓汽车西站中粮自然天城新房出售 - 长沙赶集网
201604,金地自在城,长沙,35.0,35.0, 91㎡,雷锋大道人人乐莱茵城长株潭轻轨口往北,28.2027066349,112.908699353,【5图】西站北雷锋大道现房3799一口价 别墅区高层 居家配套完善，长沙岳麓汽车西站金地自在城新房出售 - 长沙赶集网
201604,澳海澜庭,长沙,29.0,29.0, 79㎡,市政府北望城区银星路999号,28.20437965716,112.95524782306,【5图】首付一万买市政府金星大道长郡学区房 配套齐全，长沙岳麓金星大道澳海澜庭新房出售 - 长沙赶集网
201604,天麓尚层,长沙,35.8,35.8, 75㎡,雷锋大道人人乐莱茵城长株潭轻轨口旁,28.2472489145,112.894261068,【5图】团购 首付一成买双轻轨口别墅大盘 半价买车位 楼下就是学校，长沙岳麓汽车西站天麓尚层新房出售 - 长沙赶集网
201604,博长山水相颐,长沙,69.0,69.0, 137㎡,才子嘉都，汇金城，卓越蔚蓝城邦，圭塘，德思勤,28.101637,113.051531,【7图】博长山水相颐，地铁口，智能化，身心疲惫，懒人社区来抚慰，长沙雨花雨花周边博长山水相颐新房出售 - 长沙赶集网
201604,博长山水相颐,长沙,58.0,58.0, 117㎡,时代阳光大道与万家丽南路交汇处向东300米（恒...,28.101601,113.051549,【7图】博长山水相颐，地铁口，两山一水，名校学位房。，长沙雨花雨花周边博长山水相颐新房出售 - 长沙赶集网
201604,澳海澜庭,长沙,30.0,30.0, 79㎡,金星大道市政府往北长郡中学附近,28.20437965716,112.95524782306,【5图】总价30万买长郡学区房 首付一万分期免利息 全程看房车接送，长沙岳麓汽车西站澳海澜庭新房出售 - 长沙赶集网
201604,宏聚地中海,长沙,48.0,48.0, 79㎡,雨花雨花周边,28.102600000852,113.05124489623,【14图】宏聚地中海，地铁口现房，入住率达到百分之七十，买到即赚到，长沙雨花雨花周边宏聚地中海新房出售 - 长沙赶集网
201604,宏聚地中海,长沙,36.0,36.0, 60㎡,雨花雨花周边,28.102600000852,113.05124489623,【14图】【宏聚地中海】南城首个复式楼现房，地铁口升值空间大大的有，长沙雨花雨花周边宏聚地中海新房出售 - 长沙赶集网
201604,博长山水相颐,长沙,60.0,60.0, 120㎡,红星商圈，德思勤商圈，喜盈门商圈,28.09969,113.060913,【7图】博长 身心疲惫，懒人社区，来抚慰，名校学位房。，长沙雨花雨花周边博长山水相颐新房出售 - 长沙赶集网
201604,博长山水相颐,长沙,40.0,40.0, 85㎡,韶山南路德思勤喜迎门，万家丽高架桥,28.101613,113.051553,【5图】博长山水相颐，依山看城，入则宁静，出则繁华。，长沙雨花汽车南站博长山水相颐新房出售 - 长沙赶集网
201604,博长山水相颐,长沙,60.0,60.0, 120.30㎡,恒大城，卓越，才子佳都，欧莱雅郡,28.101593,113.051558,【7图】博长山水相颐，两山加一水，小区智能化，名校学位房。，长沙雨花雨花周边博长山水相颐新房出售 - 长沙赶集网
201604,旭辉香樟公馆,长沙,80.0,80.0, 118㎡,民政学院,28.1464443621,113.020200715,【5图】旭辉香樟公馆 城心香樟路 纯住区实景现房，长沙雨花香樟路旭辉香樟公馆新房出售 - 长沙赶集网
201604,金地自在城,长沙,35.0,35.0, 91㎡,雷锋大道人人乐莱茵城长株潭轻轨口往北,28.2027066349,112.908699353,【5图】【四月钜惠、3888起】纯南北通透板楼、一线湖景楼王学区房，长沙岳麓汽车西站金地自在城新房出售 - 长沙赶集网
201604,天麓尚层,长沙,52.3,52.3, 109㎡,雷锋大道人人乐莱茵城长株潭轻轨口旁,28.2472489145,112.894261068,【5图】雷锋大道75-130平米三房。【2万买房 天麓尚层】送车位，长沙岳麓望城坡天麓尚层新房出售 - 长沙赶集网
201604,天麓尚层,长沙,43.6,43.6, 91㎡,雷锋大道人人乐莱茵城长株潭轻轨口旁,28.2472489145,112.894261068,"【5图】爽爽爽 好房子来了地铁口三房,首付只要一万 还送车位，长沙岳麓麓谷天麓尚层新房出售 - 长沙赶集网"
201604,中粮自然天城,长沙,56.4,56.4, 120㎡,雷锋大道人人乐莱茵城长株潭轻轨口往北,28.2027066349,112.908699353,【5图】河西央企现房现交、临湖楼王、长郡中学、赠送31平米、只剩？套，长沙岳麓湖南商学院中粮自然天城新房出售 - 长沙赶集网
201604,博长山水相颐,长沙,39.0,39.0, 85㎡,才子嘉都，卓越蔚蓝城邦，欧莱雅郡，德思勤商圈,28.101609,113.051558,【5图】博长山水相颐，现房，刚需三房，地铁口，学位房。，长沙雨花雨花周边博长山水相颐新房出售 - 长沙赶集网
201604,洋湖STYLE,长沙,47.0,47.0, 94㎡,河西岳麓区含浦,28.2027066349,112.908699353,【4图】洋湖湿地旁实景现房，最具发展力位置，长沙下一个梅溪湖。，长沙岳麓含浦洋湖STYLE新房出售 - 长沙赶集网
201604,乾城嘉园,长沙,55.0,55.0, 90㎡,423号,28.1558850304,112.978542157,【5图】现房来了 现房来了，书院路上一线江景现房市中心位置价格还不贵，长沙天心金盆岭乾城嘉园新房出售 - 长沙赶集网
201604,珠江郦城,长沙,68.8,68.8, 92㎡,芙蓉北路与福元西路交汇处东南角,28.2602190564,113.024729972,【7图】经典舒适三房中国最美50个楼盘之一珠江郦城92平68.8万!，长沙开福三一大道珠江郦城新房出售 - 长沙赶集网
201604,珠江郦城,长沙,68.8,68.8, 93㎡,芙蓉北路与福元西路交汇处东南角,28.2602190564,113.024729972,【6图】首付一成购珠江郦城经典三房！开福市中心精装地铁学位房!，长沙开福三一大道珠江郦城新房出售 - 长沙赶集网
201604,万科城,长沙,63.0,63.0, 92㎡,开福芙蓉北路与福元路交汇处东南角,28.2890191273,112.98074270429,【7图】低于市场价8万！全新装修未住！买到就等于赚到！！！，长沙芙蓉芙蓉北路万科城新房出售 - 长沙赶集网
201604,城南时代,长沙,40.0,40.0, 87㎡,时代阳光大道,28.1464443621,113.020200715,【4图】汽车南站时代阳光大道旁 新南站核心位置 送长郡雨外学位房，长沙雨花汽车南站城南时代新房出售 - 长沙赶集网
201604,晟通城,长沙,140.0,140.0, 243㎡,望城金星大道109号（美特新材料科技公司...,28.346239947917,112.83511570023,【9图】140万买别墅送装修，大房子，大圈子，大生活，大女人，长沙望城晟通城晟通城新房出售 - 长沙赶集网
201604,晟通城,长沙,34.0,34.0, 76㎡,望城金星大道109号（美特新材料科技公司...,28.346239947917,112.83511570023,【8图】晟通女业主低价出售两房两厅 三年最佳物业小区，长沙岳麓市政府晟通城新房出售 - 长沙赶集网
201604,卓越蔚蓝城邦,长沙,41.0,41.0, 82㎡,韶山南路与时代阳光大道交汇处西南角（汽车南站东...,28.1464443621,113.020200715,【6图】卓越蔚蓝城邦 地铁口，首付1.5成，送一万平方公园。，长沙雨花雨花周边卓越蔚蓝城邦新房出售 - 长沙赶集网
201604,卓越蔚蓝城邦,长沙,69.8,69.8, 129.57㎡,韶山南路与时代阳光大道交汇处（汽车南站东南侧）,28.1464443621,113.020200715,【7图】卓越蔚蓝城邦 130平4房 读恒大小学 长郡中学，长沙雨花卓越蔚蓝城邦新房出售 - 长沙赶集网
201604,中粮自然天城,长沙,55.8,55.8, 120㎡,雷锋大道,28.2027066349,112.908699353,【5图】中粮自然天成 现房让你担忧为0 欢迎咨询 开盘特大优惠中，长沙岳麓汽车西站中粮自然天城新房出售 - 长沙赶集网
201604,奥莱名邸,长沙,45.0,45.0, 91㎡,中意路与新谷路交汇处东南,28.079812,113.003669,【7图】奥莱名邸，正地铁口，先锋小学学区房，友阿奥特莱斯就在家门口，长沙天心芙蓉南路奥莱名邸新房出售 - 长沙赶集网
201604,中信新城凯旋南岸,长沙,64.5,64.5, 103㎡,中信新城凯旋南岸,28.0746643529,112.994093083,【5图】中信新城 凯旋蓝岸，南北通透纯毛坯，临近地铁，交通便利！！，长沙天心芙蓉南路中信新城凯旋南岸新房出售 - 长沙赶集网
201604,天麓尚层,长沙,36.0,36.0, 75㎡,雷锋大道人人乐莱茵城长株潭轻轨口旁,28.2472489145,112.894261068,"【5图】岳麓区轻轨口,4450元起买别墅区高层,,价格最低，长沙岳麓汽车西站天麓尚层新房出售 - 长沙赶集网"
201604,天麓尚层,长沙,52.3,52.3, 109㎡,雷锋大道人人乐莱茵城长株潭轻轨口旁,28.2472489145,112.894261068,【5图】常德老乡天麓喊你回家哒、首付1万分期2年小区最低价实用三房，长沙岳麓望城坡天麓尚层新房出售 - 长沙赶集网
201604,澳海澜庭,长沙,45.4,45.4, 95㎡,望城区星城镇戴公庙,28.20437965716,112.95524782306,【6图】澳海澜庭 回家谷山公园散步 出门长郡 对面商超 首付一层起，长沙岳麓澳海澜庭新房出售 - 长沙赶集网
201604,金地自在城,长沙,40.9,40.9, 91㎡,雷锋大道汽车西站,28.2027066349,112.908699353,【5图】雷锋大道精装现房 别墅区高层 首付分期一年半 轻松买房，长沙岳麓汽车西站金地自在城新房出售 - 长沙赶集网
201604,新城国际花都,长沙,43.9,43.9, 108㎡,雷锋大道与银星路交汇处,28.216389815955,112.90752256659,【6图】新城国际花都 成熟小区 环境好 准现房 买房必看盘，长沙岳麓麓谷新城国际花都新房出售 - 长沙赶集网
201604,澳海澜庭,长沙,33.9,33.9, 79㎡,望城区星城镇戴公庙,28.20437965716,112.95524782306,【6图】澳海澜庭 回家谷山公园散步 出门长郡 对面商超 精装毛坯价哦，长沙岳麓其他澳海澜庭新房出售 - 长沙赶集网
201604,天麓尚层,长沙,52.0,52.0, 109㎡,雷锋大道人人乐莱茵城长株潭轻轨口旁,28.2472489145,112.894261068,【5图】岳麓区天麓尚层 买房送车位卷 靠长株潭轻轨 尖山公园生态宜居，长沙岳麓望城坡天麓尚层新房出售 - 长沙赶集网
201604,博长山水相颐,长沙,60.0,60.0, 120㎡,雨花汽车南站,28.101613,113.051562,【16图】地铁上，公园里，名校旁，智能家。，长沙雨花汽车南站博长山水相颐新房出售 - 长沙赶集网
201604,东友星座,长沙,58.0,58.0, 60㎡,雨花东塘,28.174219,113.001576,【20图】东友星座，1楼友谊大商场，楼上绝版公寓，好货不多....，长沙雨花东塘东友星座新房出售 - 长沙赶集网
201604,中粮自然天城,长沙,55.0,55.0, 120㎡,雷锋大道龙湖高尔夫球场旁,28.2027066349,112.908699353,【5图】河西唯一大户型现房 30平超高赠送中粮央企低密度别墅区高层，长沙岳麓湘雅三医院中粮自然天城新房出售 - 长沙赶集网
201604,湘江世纪城,长沙,35.0,35.0, 60㎡,政府西侧.富兴.旺角,28.265932,112.984532,【9图】一手房 美食休闲广场 共启盛世，长沙开福湘江世纪城湘江世纪城新房出售 - 长沙赶集网
201604,协信星澜汇,长沙,75.0,75.0, 108㎡,纳爱斯阳光丽城 当代滨江 恒大御景湾 保利西海...,28.2027066349,112.908699353,【6图】滨江新城，最具升值的楼盘，双地铁口，绝版户型，一线江景，长沙岳麓银盆岭协信星澜汇新房出售 - 长沙赶集网
201604,湘江世纪城,长沙,50.1,50.1, 92㎡,政府西侧.富兴.旺角,28.265932,112.984532,【9图】富兴旺角 最新一手房 特价房 超高性价比，长沙开福湘江世纪城湘江世纪城新房出售 - 长沙赶集网
201604,湘江世纪城,长沙,500.0,500.0, 200㎡,政府西侧.富兴.旺角,28.265932,112.984532,【9图】一手商铺 低价出售 非常适合投资 慢了就没有了，长沙开福湘江世纪城湘江世纪城新房出售 - 长沙赶集网
201604,新城国际花都,长沙,34.2,34.2, 93㎡,金地自在城天麓尚层恒大名都,28.216389815955,112.90752256659,【4图】新城国际花都 超大赠送、黄金楼层 稀缺户型 经典之作，长沙岳麓汽车西站新城国际花都新房出售 - 长沙赶集网
201604,湘域熙岸,长沙,330.0,330.0, 303㎡,人民东路圭塘河畔—浏阳河风光带,28.1911622838,113.048082861,【7图】湘域熙岸 高端小区 尚东空中别墅 独赏拾号府，长沙芙蓉芙蓉区政府湘域熙岸新房出售 - 长沙赶集网
201604,湘江世纪城,长沙,30.0,30.0, 30㎡,政府西侧.富兴.旺角,28.265932,112.984532,【9图】财富旺铺 招商盛启 火热认筹中 机会不容错过，长沙开福湘江世纪城湘江世纪城新房出售 - 长沙赶集网
201604,新城国际花都,长沙,34.4,34.4, 93㎡,金地自在城天麓尚层恒大名都,28.216389815955,112.90752256659,【4图】河西销冠 新城国际花都+城际轻轨+毛坯+超高绿化+地铁4号线，长沙岳麓雷锋大道新城国际花都新房出售 - 长沙赶集网
201604,欧莱雅郡,长沙,35.0,35.0, 71㎡,雨花,28.099736,113.034923,【8图】本人手里大量新房特价房 价格低到无法想象，长沙雨花时代阳光大道欧莱雅郡新房出售 - 长沙赶集网
201604,天悦城,长沙,60.0,60.0, 113㎡,岳麓区枫林三路与平川路交汇处西北角,28.208254,112.896914,【8图】现房，即买即可以装修！可以插班就读小学！，长沙岳麓岳麓天悦城新房出售 - 长沙赶集网
201604,新城国际花都,长沙,34.0,34.0, 93㎡,雷锋大道与银星路交汇处,28.216389815955,112.90752256659,【2图】新城国际花都+城际轻轨+毛坯+超高绿=住在公园里，长沙岳麓麓谷新城国际花都新房出售 - 长沙赶集网
201604,新城国际花都,长沙,39.0,39.0, 108㎡,雷锋大道与银星路交汇处,28.216389815955,112.90752256659,【图】新城国际花都 超大赠送、黄金楼层，长沙岳麓麓谷新城国际花都新房出售 - 长沙赶集网
201604,新城国际花都,长沙,49.0,49.0, 128㎡,雷锋大道与银星路交汇处,28.216389815955,112.90752256659,【图】新城国际花都 安在公园里的家，长沙岳麓麓谷新城国际花都新房出售 - 长沙赶集网
201604,奥莱名邸,长沙,64.0,64.0, 128㎡,新谷路与果子园路交汇处,28.079684,113.003669,【6图】友阿奥特莱斯，奥莱名邸双地铁口，先锋学位，居家投资首选！，长沙天心芙蓉南路奥莱名邸新房出售 - 长沙赶集网
201604,中粮自然天城,长沙,55.0,55.0, 120㎡,雷锋大道龙湖高尔夫球场旁,28.2027066349,112.908699353,【5图】中粮央企开发 现房 长郡学区房 低密度别墅区高层超30平赠送，长沙岳麓汽车西站中粮自然天城新房出售 - 长沙赶集网
201604,金地三千府,长沙,106.0,106.0, 143㎡,雷峰大道龙湖高尔夫北面,28.216389815955,112.90752256659,【5图】特价!!!金地三千府别墅 中户 带花园车位 106万一口价，长沙岳麓雷锋大道金地三千府新房出售 - 长沙赶集网
201604,博长山水相颐,长沙,40.0,40.0, 85㎡,雨花雨花周边,28.101613,113.051553,【13图】博长山水相颐，百年名校学位房，明德洞井中学旁。，长沙雨花雨花周边博长山水相颐新房出售 - 长沙赶集网
201604,金地自在城,长沙,35.0,35.0, 91㎡,雷锋大道人人乐莱茵城长株潭轻轨口往北,28.2027066349,112.908699353,【5图】特价！！西站北 金地自在城现房 90m²三房 别墅区湖景高层，长沙岳麓汽车西站金地自在城新房出售 - 长沙赶集网
201604,澳海澜庭,长沙,34.1,34.1, 78㎡,望城区星城镇戴公庙,28.20437965716,112.95524782306,【5图】澳海澜庭 首付一万起 读长郡 对面商超 回家诳谷山公园，长沙岳麓其他澳海澜庭新房出售 - 长沙赶集网
201604,珠江郦城,长沙,240.0,240.0, 256㎡,万科城万国城珠江郦城珠江花城湘江世纪城=第一湾...,28.2602190564,113.024729972,【8图】珠江郦城璞墅-独家代理-双地铁口-超值性价比 地铁房 南北，长沙开福三一大道珠江郦城新房出售 - 长沙赶集网
201604,托斯卡纳,长沙,210.0,210.0, 220㎡,湘府路与万家丽大道交接处的西北侧,28.120932,113.042076,【9图】托斯卡纳 佳兆天 实景现房别墅 独享4A级自然风景区，长沙雨花其他托斯卡纳新房出售 - 长沙赶集网
201604,欧莱雅郡,长沙,45.0,45.0, 85㎡,时代阳光大道（省植物园南）,28.099736,113.034923,【8图】高端社区 现房 首付5万 月供1600 零公摊 才子嘉都，长沙雨花韶山南路欧莱雅郡新房出售 - 长沙赶集网
201604,中粮自然天城,长沙,65.0,65.0, 140㎡,雷锋大道人人乐莱茵城长株潭轻轨口往北,28.2027066349,112.908699353,【5图】央企现房豪宅 社区自带万婴国际 享长郡学区 纯高端别墅区高层，长沙岳麓枫林路中粮自然天城新房出售 - 长沙赶集网
201604,澳海澜庭,长沙,29.0,29.0, 79㎡,金星北路四号线地铁口长郡中小学学区房,28.20437965716,112.95524782306,【6图】谷山体育公园脚下 四号线地铁 长郡学校 首付一万分期免息，长沙岳麓湘雅三医院澳海澜庭新房出售 - 长沙赶集网
201604,富基世纪公园,长沙,48.0,48.0, 128㎡,新地东方明珠 时代倾城 龙湖湘风原著 润和紫郡...,28.299914316596,112.90635684126,【8图】5房，零公摊，超楼间距，超绿化64%，住公园，读名校，长沙望城恒大名都富基世纪公园新房出售 - 长沙赶集网
201604,珠江郦城,长沙,150.0,150.0, 190㎡,双湾国际 楚天逸品 湘江一号 五矿沁园金城 潮...,28.2602190564,113.024729972,【7图】楼王栋270度全景无遮挡 精装 零距离地铁口名校学位 现房，长沙开福北辰三角洲珠江郦城新房出售 - 长沙赶集网
201604,五矿万境蓝山,长沙,105.0,105.0, 131.30㎡,韶山南路与黄谷路交汇处,28.082744,113.01585,【4图】花园洋房 带750亩山体公园 远离城市喧嚣 三面环山，长沙雨花五矿万境蓝山新房出售 - 长沙赶集网
201604,五矿万境蓝山,长沙,109.8,109.8, 138.51㎡,韶山南路与黄谷路交汇处,28.082744,113.01585,【6图】带电梯花园洋房 五矿万境蓝山 三面环山环境好，长沙雨花五矿万境蓝山新房出售 - 长沙赶集网
201604,湘江世纪城,长沙,180.0,180.0, 200㎡,政府西侧.富兴.旺角,28.265932,112.984532,【9图】北城新中心 【原始股】 买在涨价前，长沙开福湘江世纪城湘江世纪城新房出售 - 长沙赶集网
201604,五矿万境蓝山,长沙,110.8,110.8, 138.51㎡,韶山南路与黄谷路交汇处,28.082744,113.01585,【5图】带电梯花园洋房 主卧开间3.9米 三开间朝南 五矿万境蓝山，长沙雨花汽车南站五矿万境蓝山新房出售 - 长沙赶集网
201604,明晟壹城,长沙,96.6,96.6, 138㎡,劳动东路与花侯路交汇处,28.164141,113.0594,【6图】品质大盘 双地铁口 是你追求生活品质的绝佳选择！，长沙雨花明晟壹城新房出售 - 长沙赶集网
201604,明晟壹城,长沙,77.0,77.0, 115㎡,劳动东路与花侯路交汇处,28.164141,113.0594,【5图】品质大盘 双地铁口 离梦想很近 实现舒适三房 体验奢华，长沙雨花明晟壹城新房出售 - 长沙赶集网
201604,五矿万境蓝山,长沙,44.5,44.5, 89㎡,韶山南路与黄谷路交汇处,28.082744,113.01585,【4图】舒适两房 清盘价4888起 五矿万境蓝山 双地铁口 学位房，长沙雨花五矿万境蓝山新房出售 - 长沙赶集网
201604,明晟壹城,长沙,64.6,64.6, 95㎡,劳动东路与花侯路交汇处,28.164141,113.0594,【5图】双地铁口 高铁央区 品质大盘 火爆认筹中，长沙雨花体育新城明晟壹城新房出售 - 长沙赶集网
201604,富兴汇中央,长沙,89.3,89.3, 126㎡,天心区友谊路万芙路交汇处,28.129909,113.004738,【4图】青园小学现房 省府汇中央 一号地铁 地段好 毋庸置疑，长沙天心青园富兴汇中央新房出售 - 长沙赶集网
201604,富兴汇中央,长沙,80.5,80.5, 115㎡,天心区友谊路万芙路交汇处,28.129909,113.004738,【5图】青园小学现房 省政府板块 一号线地铁口 团购更优惠，长沙天心友谊路富兴汇中央新房出售 - 长沙赶集网
201604,五矿万境蓝山,长沙,85.6,85.6, 138㎡,韶山南路与黄谷路交汇处,28.082744,113.01585,【4图】环山小高层 五矿万境蓝山 双地铁口 学位房，长沙雨花五矿万境蓝山新房出售 - 长沙赶集网
201604,富兴汇中央,长沙,61.3,61.3, 88㎡,天心区友谊路万芙路交汇处,28.129909,113.004738,【4图】一号线地铁现房 直接就读 名校青园小学 省府汇中央，长沙天心富兴汇中央新房出售 - 长沙赶集网
201604,湘江世纪城,长沙,60.0,60.0, 109㎡,政府西侧.富兴.旺角,28.265932,112.984532,【9图】无可复制的地段 长沙投资潜力之地 价值桥头堡，长沙开福湘江世纪城湘江世纪城新房出售 - 长沙赶集网
201604,湘江世纪城,长沙,52.0,52.0, 92㎡,政府西侧.富兴.旺角,28.265932,112.984532,【9图】富兴旺角 名校环绕 让孩子赢在起跑线上，长沙开福湘江世纪城湘江世纪城新房出售 - 长沙赶集网
201604,澳海澜庭,长沙,30.0,30.0, 80㎡,望城区星城镇戴公庙,28.20437965716,112.95524782306,【6图】澳海澜庭 长郡学区房 两座公园围绕 生态宜居 首付三万即可，长沙岳麓其他澳海澜庭新房出售 - 长沙赶集网
201604,新城国际花都,长沙,35.0,35.0, 94㎡,雷锋大道与银星路交汇处,28.216389815955,112.90752256659,【4图】来新城国际花都吧 价格踩到底 3600起 来电抢购····，长沙岳麓新城国际花都新房出售 - 长沙赶集网
201604,新城国际花都,长沙,42.1,42.1, 108㎡,金地自在城天麓尚层恒大名都,28.216389815955,112.90752256659,【5图】新房成熟社区，高赠送，双名校，超高绿化，地铁轻轨一应俱全，长沙岳麓汽车西站新城国际花都新房出售 - 长沙赶集网
201604,欧莱雅郡,长沙,69.3,69.3, 122㎡,时代阳光大道（省植物园南）,28.099736,113.034923,【4图】绝品三房 唯美环境 超值现房 欧莱雅郡，长沙雨花韶山南路欧莱雅郡新房出售 - 长沙赶集网
201604,天麓尚层,长沙,36.0,36.0, 76㎡,雷锋大道,28.2472489145,112.894261068,【图】河西销冠 天麓尚层，长沙岳麓汽车西站天麓尚层新房出售 - 长沙赶集网
201604,晟通城,长沙,48.0,48.0, 135㎡,望城经济开发区,28.346239947917,112.83511570023,【20图】大三房纯板楼稀缺房源薄利让民，只此一家！免费地下车位等您来，长沙晟通城新房出售 - 长沙赶集网
201604,博长山水香颐,长沙,50.0,50.0, 96㎡,时代阳光大道与万家丽路交汇处,28.101601,113.051567,【6图】离梦想很近 实现舒适3房奢华生活 博长山水香颐 新婚首选，长沙雨花汽车南站博长山水香颐新房出售 - 长沙赶集网
201604,珠江郦城,长沙,140.0,140.0, 180㎡,北辰三角洲 恒大半岛 当代滨江 万国府 楚天逸...,28.2602190564,113.024729972,【7图】精装江景豪宅 双名校学位地铁口 270度全景无遮挡 随时看房，长沙开福国防科大珠江郦城新房出售 - 长沙赶集网
201604,天麓尚层,长沙,36.4,36.4, 75㎡,雷锋大道,28.2472489145,112.894261068,"【7图】汽车西站天麓尚层精品户型,首付两万,买房送车位，长沙岳麓天麓尚层新房出售 - 长沙赶集网"
201604,时代倾城,长沙,64.4,64.4, 115㎡,金星北路与银星路交汇处,28.282202393445,112.93262221639,【6图】河西市府北滨水新城CLD核心商圈，精装房地铁口读名校，宜居家，长沙岳麓金星大道时代倾城新房出售 - 长沙赶集网
201604,金地自在城,长沙,26.0,26.0, 73㎡,雷锋大道,28.2027066349,112.908699353,【4图】号外！！号外！！首付18万2居室！汽车西站旁！月供千元搬新家，长沙岳麓汽车西站金地自在城新房出售 - 长沙赶集网
201604,芒果天地,长沙,42.0,42.0, 60㎡,车站南路171号,28.171312,113.016282,"【6图】市中心板块,东塘,火车站，五一三大商圈环绕团购价仅6999，长沙雨花东塘芒果天地新房出售 - 长沙赶集网"
201604,芒果天地,长沙,114.0,114.0, 165㎡,车站南路171号,28.171312,113.016282,"【4图】新环境独家代理内部团购价6999一口价火爆认购中,最后50套，长沙雨花东塘芒果天地新房出售 - 长沙赶集网"
201604,城市山水豪园,长沙,60.0,60.0, 90㎡,雨花武广新城劳动东路与万家丽路交汇处南行300...,28.15644,113.038659,【9图】居家好房！黄金地段 省税 精装小三房 南北通透完美户型，长沙雨花雨花区政府城市山水豪园新房出售 - 长沙赶集网
201604,南山雍江汇,长沙,58.9,58.9, 88㎡,湘江畔 茶子山路 银盆岭大桥,28.2027066349,112.908699353,【6图】【稀缺江景华宅】双地铁口学区房，二环内唯一实景现房，长沙岳麓高叶塘南山雍江汇新房出售 - 长沙赶集网
201604,金地三千府,长沙,110.0,110.0, 160㎡,雷峰大道龙湖高尔夫北面,28.216389815955,112.90752256659,【5图】河西第一大盘，超高赠送，60%绿化，独一无二的复式楼！，长沙岳麓汽车西站金地三千府新房出售 - 长沙赶集网
201604,时代倾城,长沙,45.8,45.8, 85㎡,金星北路与银星路交汇处,28.282202393445,112.93262221639,【5图】市府旁，地铁口，首付只需一万买市政府的精装房，长沙岳麓市政府时代倾城新房出售 - 长沙赶集网
201604,天麓尚层,长沙,34.0,34.0, 75㎡,人人乐购物广场,28.2472489145,112.894261068,【6图】【天麓尚层现房】首付1万，买房送车位，尊享墅区美景，繁华地段，长沙岳麓汽车西站天麓尚层新房出售 - 长沙赶集网
201604,欧莱雅郡,长沙,37.0,37.0, 71㎡,雨花汽车南站,28.099736,113.034923,【8图】欧莱雅郡汽车南站旁，地铁五号线，赠送率超高，0公摊，长沙雨花汽车南站欧莱雅郡新房出售 - 长沙赶集网
201604,大学城科教新村,长沙,66.0,66.0, 84㎡,岳麓大学城,28.1744497968,112.94869928,【16图】阳光一百精装小高层 学位江景房 地铁口 超低线分摊，长沙岳麓大学城大学城科教新村新房出售 - 长沙赶集网
201604,阳光100后海,长沙,66.0,66.0, 85㎡,岳麓岳麓山,28.147307,112.947283,【16图】精装舒适江景两房 投资居家首选，长沙岳麓岳麓山阳光100后海新房出售 - 长沙赶集网
201604,万科白鹭郡,长沙,66.0,66.0, 85㎡,岳麓大学城,28.2027066349,112.908699353,【14图】阳光一百精装小高层 学位江景房 地铁口 超底线分摊，长沙岳麓大学城万科白鹭郡新房出售 - 长沙赶集网
201604,王家湾中南大学后街,长沙,66.0,66.0, 84㎡,岳麓大学城,28.1704904271,112.932212589,【14图】阳光一百精装小高层 学位江景房 地铁口 超底线分摊，长沙岳麓大学城王家湾中南大学后街新房出售 - 长沙赶集网
201604,天麓尚层,长沙,43.2,43.2, 92㎡,雷锋大道,28.2472489145,112.894261068,【5图】汽车西站、首付2万、市政府、双轻轨、学区房、直达常德、益阳，长沙岳麓湖南财专天麓尚层新房出售 - 长沙赶集网
201604,天麓尚层,长沙,43.2,43.2, 92㎡,雷锋大道,28.2472489145,112.894261068,【5图】近西站、临轻轨、首付分期、接受货补、还送车位，长沙岳麓麓谷天麓尚层新房出售 - 长沙赶集网
201604,天麓尚层,长沙,33.8,33.8, 72㎡,雷锋大道,28.2472489145,112.894261068,【6图】【首付6万】、【送车位】市政府轻轨旁地铁口天麓尚层带博才学位，长沙岳麓咸嘉新村天麓尚层新房出售 - 长沙赶集网
201604,天麓尚层,长沙,33.8,33.8, 72㎡,雷锋大道,28.2472489145,112.894261068,【6图】首付2万总价34万 汽车西站天麓尚层75㎡两房 送车位，长沙岳麓汽车西站天麓尚层新房出售 - 长沙赶集网
201604,天麓尚层,长沙,33.8,33.8, 72㎡,雷锋大道,28.2472489145,112.894261068,【7图】销冠天麓、西站莱茵城旁、4680起低首付低月供、买房送车位，长沙岳麓麓山名园天麓尚层新房出售 - 长沙赶集网
201604,晟通城,长沙,51.0,51.0, 142.13㎡,望城经济开发区,28.346239947917,112.83511570023,【15图】您看过我，其他都会变成将就 纯板楼稀缺房源 超高性价比！，长沙晟通城新房出售 - 长沙赶集网
201604,卓越蔚蓝城邦,长沙,40.5,40.5, 77.06㎡,韶山南路与时代阳光大道交汇处（汽车南站东南侧）,28.1464443621,113.020200715,【4图】卓越蔚蓝城邦 汽车南站 赠送面积多 绿化环境好，长沙雨花雨花周边卓越蔚蓝城邦新房出售 - 长沙赶集网
201604,晟通城,长沙,47.0,47.0, 127㎡,金星北路晟通城,28.346239947917,112.83511570023,【20图】3750一口价，不分楼层不分朝向还送一个车位，长沙望城晟通城晟通城新房出售 - 长沙赶集网
201604,博长山水香颐,长沙,45.0,45.0, 85㎡,时代阳光大道与万家丽路交汇处,28.101944,113.051944,【4图】买好房选博长！智能小区学位房 博长山水香颐 买到就是赚到，长沙雨花汽车南站博长山水香颐新房出售 - 长沙赶集网
201604,博长山水香颐,长沙,63.6,63.6, 120㎡,时代阳光大道与万家丽交汇处,28.102343,113.052285,【4图】要买房 选博长！博长山水香颐 智能化小区 地铁口学位现房 ！，长沙雨花汽车南站博长山水香颐新房出售 - 长沙赶集网
201604,晟通城,长沙,47.0,47.0, 127㎡,望城金星大道109号晟通城,28.346239947917,112.83511570023,【20图】入住晟通城买房送车位，赠送名校砂子塘学位，享受优质物业服务。，长沙望城晟通城晟通城新房出售 - 长沙赶集网
201604,晟通城,长沙,49.0,49.0, 135㎡,金星大道,28.346239947917,112.83511570023,【20图】现房 即买即住 买房送车位 双学位，长沙望城晟通城晟通城新房出售 - 长沙赶集网
201604,宏聚地中海,长沙,36.0,36.0, 60㎡,时代阳光大道459号,28.102600000852,113.05124489623,【7图】【宏聚地中海】南城首个复式楼现房，地铁口升值空间大大的有，长沙雨花韶山南路宏聚地中海新房出售 - 长沙赶集网
201604,天麓尚层,长沙,42.4,42.4, 92㎡,雷锋大道,28.2472489145,112.894261068,【5图】【莱茵城旁新楼盘】河西销冠天麓】成熟配套 小区评价非常高，长沙岳麓天麓尚层新房出售 - 长沙赶集网
201604,协信星澜汇,长沙,46.7,46.7, 81㎡,市政府商圈 茶子山路与潇湘北路交汇处,28.2027066349,112.908699353,"【5图】滨江中心、协信星澜汇2房湘江旁,二桥旁,地铁口，长沙岳麓银盆岭协信星澜汇新房出售 - 长沙赶集网"
201604,天麓尚层,长沙,42.0,42.0, 90㎡,雷锋大道,28.2472489145,112.894261068,【5图】汽车西站 人人乐旁 婚房首选 低首付 买轻轨口 送车位，长沙岳麓天麓尚层新房出售 - 长沙赶集网
201604,富基世纪公园,长沙,32.1,32.1, 87㎡,普瑞大道二段888号,28.299914316596,112.90635684126,【5图】首付5万读长郡、64%绿化率、自带商业广场、体育馆、详情电询，长沙岳麓麓谷富基世纪公园新房出售 - 长沙赶集网
201604,宏聚地中海,长沙,40.0,40.0, 68㎡,雨花韶山南路,28.102600000852,113.05124489623,【14图】宏聚地中海 南城首个复试楼 还不来抢嘛？？，长沙雨花韶山南路宏聚地中海新房出售 - 长沙赶集网
201604,富基世纪公园,长沙,32.3,32.3, 87㎡,普瑞大道二段888号,28.299914316596,112.90635684126,【6图】超高绿化64%、每天呼吸新鲜空气、六分钟到地铁口宜居富基，长沙岳麓市政府富基世纪公园新房出售 - 长沙赶集网
201604,天麓尚层,长沙,36.0,36.0, 75㎡,雷锋大道,28.2472489145,112.894261068,【4图】存钱十年，不如一朝买房挣钱，长沙涨价在即，天麓清明节过后涨价，长沙岳麓汽车西站天麓尚层新房出售 - 长沙赶集网
201604,新城国际花都,长沙,40.0,40.0, 107㎡,雷锋大道与银星路交汇处,28.216389815955,112.90752256659,【4图】不买最贵的 只买最合适的 河西入住率最高的楼盘 你必须看看！，长沙岳麓新城国际花都新房出售 - 长沙赶集网
201604,中南红领邦,长沙,65.0,65.0, 123㎡,南站附近,28.1464443621,113.020200715,【9图】中南红领帮 环境优美 纯现房 入住率高，长沙雨花汽车南站中南红领邦新房出售 - 长沙赶集网
201604,五矿万境南山,长沙,71.0,71.0, 130㎡,韶山南路延长线,28.0964,113.017629,【6图】五矿万境南山 大品牌央视企业 洋房别墅高层一体，长沙雨花雨花周边五矿万境南山新房出售 - 长沙赶集网
201604,博长山水相颐,长沙,60.0,60.0, 120㎡,卓越蔚蓝城邦，才子嘉都，五矿万境南山,28.101594,113.051585,【7图】博长山水相颐 身心疲累 懒人社区，来抚慰，长沙雨花圭塘博长山水相颐新房出售 - 长沙赶集网
201604,贺龙体育馆旁摩天一号,长沙,50.0,50.0, 10㎡,摩天一号,28.185158841,112.992826921,"【9图】侯家塘纯地铁商铺,叮叮MAII 黄金万两等你来1号3号地铁，长沙天心其他贺龙体育馆旁摩天一号新房出售 - 长沙赶集网"
201604,澳海澜庭,长沙,37.2,37.2, 103㎡,新地东方明珠 玫瑰园 翡翠花园 玛丽的花园,28.20437965716,112.95524782306,【4图】地铁口，长郡旁，低首付。金星北销量冠军，长沙岳麓澳海澜庭新房出售 - 长沙赶集网
201604,富基世纪公园,长沙,30.0,30.0, 89㎡,普瑞大道二段888号 恒大名都 润和紫郡城,28.299914316596,112.90635684126,【4图】！！！首付分期！学区房！带长郡中小学和师大附中！轻轨口地铁口，长沙岳麓富基世纪公园新房出售 - 长沙赶集网
201604,富基世纪公园,长沙,33.6,33.6, 123㎡,普瑞大道二段888号 恒大名都 润和紫郡城,28.299914316596,112.90635684126,【4图】首付2万，轻松无压力 长郡中小学和师大附中学区房，长沙岳麓金星大道富基世纪公园新房出售 - 长沙赶集网
201604,澳海澜庭,长沙,35.4,35.4, 73㎡,望城银星路999号(戴公庙北侧),28.20437965716,112.95524782306,【5图】澳海澜庭 首付一万起 读长郡 购物去新华联 散步去谷山公园，长沙岳麓澳海澜庭新房出售 - 长沙赶集网
201604,五矿万境蓝山,长沙,54.0,54.0, 89㎡,汇金路,28.08527,113.01841,【9图】世界500强企业龙头 实力顶尖力作 唯有五矿万镜蓝山，长沙雨花汽车南站五矿万境蓝山新房出售 - 长沙赶集网
201604,卓越蔚蓝城邦,长沙,42.0,42.0, 82㎡,韶山南路与时代阳光大道交汇处西南角（汽车南站东...,28.1464443621,113.020200715,【4图】卓越集团品质力作 精工品质 为您幸福生活保驾护航，长沙雨花卓越蔚蓝城邦新房出售 - 长沙赶集网
201604,博长山水香颐,长沙,72.1,72.1, 137.38㎡,时代阳光大道与万家丽路交汇处往东,28.100829,113.051872,【5图】南北通透学位房 买博长山水香颐 地铁口现房 买即装修，长沙雨花博长山水香颐新房出售 - 长沙赶集网
201604,卓越蔚蓝城邦,长沙,55.6,55.6, 103㎡,韶山南路与时代阳光大道交汇处（汽车南站东南侧）,28.1464443621,113.020200715,【5图】卓越蔚蓝城邦 南北通透大三房 楼王户型，长沙雨花卓越蔚蓝城邦新房出售 - 长沙赶集网
201604,卓越蔚蓝城邦,长沙,44.7,44.7, 82.85㎡,韶山南路与时代阳光大道交汇处（汽车南站东南侧）,28.1464443621,113.020200715,【4图】卓越蔚蓝城邦 83平三房 赠送面积多 大品牌开发商，长沙雨花卓越蔚蓝城邦新房出售 - 长沙赶集网
201604,卓越蔚蓝城邦,长沙,52.8,52.8, 103㎡,韶山南路与时代阳光大道交汇处西南角（汽车南站东...,28.1464443621,113.020200715,【7图】总里喊话新政频发，德思勤附近地铁口现房4999起，给爱一个家，长沙雨花雨花周边卓越蔚蓝城邦新房出售 - 长沙赶集网
201604,鑫苑名家,长沙,65.0,65.0, 106㎡,岳麓东方红路与东雷路交汇处西南角,28.196443,112.872067,【5图】双地铁，读雅礼名校！步步高新天地商圈！，长沙岳麓岳麓鑫苑名家新房出售 - 长沙赶集网
201604,奥莱名邸,长沙,63.0,63.0, 126㎡,中意路与新谷路交汇处东南角,28.080147,113.003615,【5图】友阿奥特莱斯旁，奥莱名邸紧邻双铁，学区房，不收任何费用！，长沙天心芙蓉南路奥莱名邸新房出售 - 长沙赶集网
201604,金地自在城,长沙,34.5,34.5, 91㎡,雷锋大道人人乐莱茵城长株潭轻轨口往北,28.2027066349,112.908699353,【5图】西站【现房】3室2厅、3860一口价全线湖景房、别墅区高层，长沙岳麓汽车西站金地自在城新房出售 - 长沙赶集网
201604,天鸿小区,长沙,51.7,51.7, 75㎡,铁道学院旁竹塘西路口,28.148205328447,112.99617144785,【4图】雨花亭南 紧邻地铁一号线 错过上一趟这趟要挤上，长沙雨花韶山南路天鸿小区新房出售 - 长沙赶集网
201604,天鸿小区,长沙,51.0,51.0, 76㎡,铁道学院旁竹塘西路口,28.148205328447,112.99617144785,【4图】雨花亭南 紧邻一号线地铁 错过上一趟这趟挤上，长沙雨花韶山南路天鸿小区新房出售 - 长沙赶集网
201604,中粮自然天城,长沙,63.0,63.0, 140㎡,雷锋大道人人乐莱茵城长株潭轻轨口旁,28.2027066349,112.908699353,【5图】汽车西站、40%赠送面积、央企开发、唯一现房、超美环境，长沙岳麓望城坡中粮自然天城新房出售 - 长沙赶集网
201604,梅溪峰会,长沙,55.0,55.0, 118㎡,岳麓枫林路与东方红路交汇处东北角,28.207856,112.869579,【4图】高性价比，准现房，读师大名校！，长沙岳麓岳麓梅溪峰会新房出售 - 长沙赶集网
201604,金地自在城,长沙,34.0,34.0, 91㎡,雷锋大道人人乐莱茵城长株潭轻轨口往北,28.2027066349,112.908699353,【5图】3780元/起、一口价、精装美宅、墅区高层、现房、专车接送，长沙岳麓汽车西站金地自在城新房出售 - 长沙赶集网
201604,天鸿中央大院,长沙,84.0,84.0, 119.94㎡,铁道学院北竹塘西路180号,28.150367,112.998827,【6图】天鸿中央大院 热销新房 全优的生活配套 立体交通全程对接，长沙雨花韶山南路天鸿中央大院新房出售 - 长沙赶集网
201604,卓越蔚蓝城邦,长沙,56.0,56.0, 103㎡,韶山南路与时代阳光大道交汇处西南角（汽车南站东...,28.1464443621,113.020200715,【4图】楼王 地段好 学位房，地铁口 卓越大品牌，长沙雨花雨花周边卓越蔚蓝城邦新房出售 - 长沙赶集网
201604,卓越蔚蓝城邦,长沙,56.0,56.0, 103㎡,韶山南路与时代阳光大道交汇处西南角（汽车南站东...,28.1464443621,113.020200715,【7图】卓越蔚蓝城邦 汽车南站附近 交通便捷 带学位，长沙雨花雨花周边卓越蔚蓝城邦新房出售 - 长沙赶集网
201604,澳海澜庭,长沙,32.0,32.0, 95㎡,望城区星城镇戴公庙,28.20437965716,112.95524782306,【5图】望城区金星北片区性价比最高 买房读长郡 出行四号线地铁口，长沙岳麓其他澳海澜庭新房出售 - 长沙赶集网
201604,中粮自然天城,长沙,55.2,55.2, 120㎡,雷锋大道,28.2027066349,112.908699353,【6图】现房 必须是现房 再不让你买房还担心害怕 就来中粮自然天成，长沙岳麓汽车西站中粮自然天城新房出售 - 长沙赶集网
201604,城南时代,长沙,36.0,36.0, 79㎡,时代阳光大道,28.1464443621,113.020200715,【4图】汽车南站 好位置，红星商圈 好配套，实景现房 入住快。，长沙雨花汽车南站城南时代新房出售 - 长沙赶集网
201604,卓越蔚蓝城邦,长沙,54.0,54.0, 105㎡,韶山南路与时代阳光大道交汇处西南角（汽车南站东...,28.1464443621,113.020200715,【4图】靠山生活 生态墅质社区 紧邻地铁口汽车南站，长沙雨花雨花周边卓越蔚蓝城邦新房出售 - 长沙赶集网
201604,万博汇,长沙,65.0,65.0, 111㎡,雨花韶山中路495号（新建路与韶山路交叉口，原...,28.16386,113.003787,【8图】自带双学位，雨花亭商圈配套，地铁口公园小区，实用，送入户花园，长沙雨花韶山中路万博汇新房出售 - 长沙赶集网
201604,三万英尺万博汇阳光锦,长沙,65.0,65.0, 111㎡,雨花亭十字路口,28.1621176748,113.00123003,【8图】自带双学位，雨花亭商圈配套，地铁口公园小区，实用，送入户花园，长沙雨花雨花亭三万英尺万博汇阳光锦新房出售 - 长沙赶集网
201604,博长山水香颐,长沙,45.1,45.1, 85㎡,时代阳光大道与万家丽路交汇处,28.101753,113.053776,【4图】百年名校学位房 博长山水香颐 地铁口智能小区 升值空间大，长沙雨花汽车南站博长山水香颐新房出售 - 长沙赶集网
201604,博长山水香颐,长沙,45.0,45.0, 85㎡,时代阳光大道与万家丽路交汇处,28.101601,113.051549,【4图】买好房选博长 博长山水香颐 依山靠水 智能小区 学位现房，长沙雨花汽车南站博长山水香颐新房出售 - 长沙赶集网
201604,天鸿天府,长沙,65.0,65.0, 111㎡,韶山路中南铁道学院北竹塘西路180号,28.149040100224,112.99759135391,【8图】自带双学位，雨花亭商圈配套，地铁口公园小区，实用，送入户花园，长沙天心其他天鸿天府新房出售 - 长沙赶集网
201604,天麓尚层,长沙,35.2,35.2, 75㎡,雷锋大道,28.2472489145,112.894261068,【7图】买房送车位、汽车西站旁、人人乐商圈、买房首选、天麓尚层，长沙岳麓市政府天麓尚层新房出售 - 长沙赶集网
201604,金地自在城,长沙,32.8,32.8, 90㎡,雷锋大道,28.2027066349,112.908699353,【4图】汽车西站、市政府商圈、金地自在城、天麓尚层、中粮自然天城，长沙岳麓银盆岭金地自在城新房出售 - 长沙赶集网
201604,金地自在城,长沙,32.0,32.0, 90㎡,雷锋大道,28.2027066349,112.908699353,【7图】河西最美小区、金地自在城、3680起买墅区高层、一线湖景房，长沙岳麓汽车西站金地自在城新房出售 - 长沙赶集网
201604,珠江郦城,长沙,60.0,60.0, 78㎡,芙蓉北路与渔业路交汇处东南角,28.2602190564,113.024729972,【9图】收官之作带公园的小区，带学位，紧邻地铁口，配套齐全，长沙开福浏阳河路珠江郦城新房出售 - 长沙赶集网
201604,中粮自然天城,长沙,56.1,56.1, 120㎡,雷锋大道,28.2027066349,112.908699353,【5图】中粮自然天成 得房率高 只卖现房 绝对的现房 免费班车，长沙岳麓汽车西站中粮自然天城新房出售 - 长沙赶集网
201604,金茂悦·梅溪湖,长沙,88.6,88.6, 120㎡,梅溪湖,28.2027066349,112.908699353,"【8图】一线豪宅,周正户型黄金地段纵想奢华，长沙岳麓汽车西站金茂悦·梅溪湖新房出售 - 长沙赶集网"
201604,时代倾城一期,长沙,50.0,50.0, 115㎡,金星北路与银星路交汇处,28.284655,112.936817,【7图】朋友急转，一口价享 师大附中 学区房。正地铁口。潜力无限。，长沙岳麓金星大道时代倾城一期新房出售 - 长沙赶集网
201604,富基世纪公园,长沙,32.0,32.0, 105㎡,普瑞大道二段888号,28.299914316596,112.90635684126,【5图】！！首付分期！学位房！带长郡中小学和师大附中等，长沙岳麓金星大道富基世纪公园新房出售 - 长沙赶集网
201604,洋湖STYLE,长沙,52.0,52.0, 104㎡,河西岳麓区含浦,28.2027066349,112.908699353,【4图】洋湖西岸实景现房，配套齐全，交通便利，好生活从此享受。，长沙岳麓含浦洋湖STYLE新房出售 - 长沙赶集网
201604,洋湖STYLE,长沙,42.0,42.0, 84㎡,河西岳麓区含浦,28.2027066349,112.908699353,【4图】来洋湖时代，窗享洋湖美景，眼观山水州城。，长沙岳麓含浦洋湖STYLE新房出售 - 长沙赶集网
201604,乾城嘉园,长沙,56.0,56.0, 90㎡,423号,28.1558850304,112.978542157,【4图】市中心一线江景现房，底价销售，再不来就涨价了！好房不容错过！，长沙天心金盆岭乾城嘉园新房出售 - 长沙赶集网
201604,洋湖STYLE,长沙,42.0,42.0, 84㎡,河西岳麓区含浦,28.2027066349,112.908699353,【4图】洋湖时代好房， 年轻人过渡，老人养老，投资升值快自住环境好。，长沙岳麓含浦洋湖STYLE新房出售 - 长沙赶集网
201604,梅溪青秀,长沙,59.8,59.8, 99㎡,梅溪青秀,28.2027066349,112.908699353,【9图】现房 双名校 地铁口 梅溪湖梅溪梅溪青秀 火热团购中，长沙岳麓汽车西站梅溪青秀新房出售 - 长沙赶集网
201604,时代倾城,长沙,57.1,57.1, 102㎡,金星北路与银星路交汇处,28.282202393445,112.93262221639,【5图】河西市府北知名精装大盘，正地铁口读名校，公园旁送车位拎包入住，长沙岳麓金星大道时代倾城新房出售 - 长沙赶集网
201604,城南时代,长沙,27.0,27.0, 60㎡,时代阳光大道,28.1464443621,113.020200715,【3图】汽车南站旁，现房清盘底价销售，房源有限错过不在有，长沙雨花汽车南站城南时代新房出售 - 长沙赶集网
201604,天麓尚层,长沙,35.2,35.2, 75㎡,雷锋大道,28.2472489145,112.894261068,【5图】天麓尚层 首付一万起 居家环境好 性价比高 免费班车 轻轨口，长沙岳麓汽车西站天麓尚层新房出售 - 长沙赶集网
201604,奥莱名邸,长沙,65.6,65.6, 130㎡,新谷路与果子园路交汇处友阿奥特莱斯旁,28.080625,113.001962,【8图】超高性价比 地铁口现房 奥莱名邸，长沙雨花奥莱名邸新房出售 - 长沙赶集网
201604,天鹿尚层,长沙,40.0,40.0, 91㎡,雷锋大道 奥克斯缔壹城 永林小时代 莱茵城,28.2027066349,112.908699353,【6图】汽车西站 市政府 天麓尚层 首付一成 刚需首选 河西销冠楼盘，长沙岳麓汽车西站天鹿尚层新房出售 - 长沙赶集网
201604,天鹿尚层,长沙,55.6,55.6, 121㎡,雷锋大道 奥克斯缔壹城 永林小时代 莱茵城,28.2027066349,112.908699353,【9图】汽车西站 市政府 天麓尚层 首付一成 刚需首选 河西销冠楼盘，长沙岳麓天鹿尚层新房出售 - 长沙赶集网
201604,城南时代,长沙,26.5,26.5, 60㎡,时代阳光大道恒大城绿地新都会丽发新城长城水郡才...,28.1464443621,113.020200715,【5图】【免佣】南城最具性价比楼盘 首付3万 一口价4800 恒大城，长沙雨花汽车南站城南时代新房出售 - 长沙赶集网
201604,金地自在城,长沙,50.4,50.4, 120㎡,雷锋大道与银杉路交汇处,28.2027066349,112.908699353,【5图】金地自在城 这里居家舒适 购物方便 买房时请先考虑空气环境，长沙岳麓金地自在城新房出售 - 长沙赶集网
201604,中粮自然天城,长沙,55.8,55.8, 120㎡,雷锋大道,28.2027066349,112.908699353,【6图】中粮自然天城 现房出售 得房率高 央企大盘 买房首选盘，长沙岳麓中粮自然天城新房出售 - 长沙赶集网
201604,中粮自然天城,长沙,55.8,55.8, 120㎡,雷锋大道,28.2027066349,112.908699353,【6图】中粮自然天城 现房出售 得房率高 花园式居家环境 欢迎咨询，长沙岳麓汽车西站中粮自然天城新房出售 - 长沙赶集网
201604,富基世纪公园,长沙,34.8,34.8, 87㎡,普瑞大道二段888号,28.299914316596,112.90635684126,【5图】富基世纪公园 首付一层起 得房率高 临长郡中学 地铁口旁，长沙岳麓金星大道富基世纪公园新房出售 - 长沙赶集网
201604,卓越蔚蓝城邦,长沙,43.0,43.0, 83㎡,雨花雨花周边,28.1464443621,113.020200715,【7图】地铁口，新推楼王栋 卓越蔚蓝城邦 汽车南站，长沙雨花雨花周边卓越蔚蓝城邦新房出售 - 长沙赶集网
201604,中南红领邦,长沙,68.8,68.8, 136㎡,南站附近,28.1464443621,113.020200715,【图】【团购推荐】正汽车南站，轻轨，地铁口，地理位绝好，四房，现房，长沙雨花汽车南站中南红领邦新房出售 - 长沙赶集网
201604,卓越蔚蓝城邦,长沙,43.0,43.0, 83㎡,雨花雨花周边,28.1464443621,113.020200715,【14图】汽车南站 卓越蔚蓝城邦Close to you ，长沙雨花雨花周边卓越蔚蓝城邦新房出售 - 长沙赶集网
201604,宏聚地中海,长沙,38.4,38.4, 64㎡,时代阳光大道459号,28.102600000852,113.05124489623,【4图】周末超值选 超值现房 复式楼 温馨小窝首选 宏聚地中海，长沙雨花韶山南路宏聚地中海新房出售 - 长沙赶集网
201604,中粮自然天城,长沙,65.5,65.5, 140㎡,雷锋大道与黄金路口交汇处 观音岩湖旁,28.2027066349,112.908699353,【5图】中粮自然天成 得房率高 现房 不用再苦等着交房 别墅居家环境，长沙岳麓中粮自然天城新房出售 - 长沙赶集网
201604,金地自在城,长沙,34.7,34.7, 91㎡,雷锋大道,28.2027066349,112.908699353,【5图】金地自在城 周末回馈客户 3840性价比最高的一套 马上涨价，长沙岳麓汽车西站金地自在城新房出售 - 长沙赶集网
201604,悦湖山,长沙,74.0,74.0, 160㎡,海洋半岛 第一湾 上林紫郡 福泽园 珠江郦城 ...,28.259127,113.044632,【8图】4680，4680，开福区最便宜的房子，不容错过哦，长沙开福四方坪悦湖山新房出售 - 长沙赶集网
201604,富基世纪公园,长沙,35.4,35.4, 89㎡,普瑞大道二段888号,28.299914316596,112.90635684126,【5图】富基世纪公园 居家舒适 得房率高 首付一层起 退税最后一天，长沙岳麓金星大道富基世纪公园新房出售 - 长沙赶集网
201604,晟通城,长沙,35.0,35.0, 98㎡,望城经济开发区,28.346239947917,112.83511570023,【20图】户型方正坐北朝南！五星级酒店管理式小区！入住即送双学位！，长沙晟通城新房出售 - 长沙赶集网
201604,欧莱雅郡,长沙,47.6,47.6, 83.47㎡,时代阳光大道（省植物园南）,28.099736,113.034923,【4图】欧莱雅郡 现代城市中的花园 83平米舒适3房 南北通透，长沙雨花韶山南路欧莱雅郡新房出售 - 长沙赶集网
201604,蓝光幸福满庭,长沙,60.0,60.0, 93㎡,雨花洞井路与木莲冲路交汇处东南角喜   ,0,1,【10图】雨花区政府对面 高端社区 93㎡三四房南北通透 带砂子塘学位，长沙雨花侯家塘蓝光幸福满庭新房出售 - 长沙赶集网
201604,卓越蔚蓝城邦,长沙,44.8,44.8, 83㎡,韶山南路与时代阳光大道交汇处西南角 汽车南站东...,28.1464443621,113.020200715,【7图】6号栋首次推出 5400均价 卓越蔚蓝城邦 赠送面积多，长沙雨花雨花周边卓越蔚蓝城邦新房出售 - 长沙赶集网
201604,城南时代,长沙,27.0,27.0, 60㎡,时代阳光大道,28.1464443621,113.020200715,【8图】城南时代 27万 1室2厅1卫 普通装修，阔绰客厅，超大阳台，长沙雨花汽车南站城南时代新房出售 - 长沙赶集网
201604,才子嘉都,长沙,53.1,53.1, 94㎡,雨花时代阳光大道与万芙路交汇处东南角   ,0,1,"【7图】才子嘉都 53.1万 3室2厅2卫 ，叠野之王,您成功的归宿，长沙雨花汽车南站才子嘉都新房出售 - 长沙赶集网"
201604,中南红领邦,长沙,68.8,68.8, 136㎡,南站附近,28.1464443621,113.020200715,【图】【团购推荐】正汽车南站，轻轨，地铁口，地理位绝好，四房，现房，长沙雨花汽车南站中南红领邦新房出售 - 长沙赶集网
201604,中南红领邦,长沙,68.8,68.8, 136㎡,南站附近,28.1464443621,113.020200715,【图】【团购推荐】正汽车南站，轻轨，地铁口，地理位绝好，四房，现房，长沙雨花汽车南站中南红领邦新房出售 - 长沙赶集网
201604,五江天街,长沙,112.5,112.5, 30㎡,雨花万家丽路与曲塘路交汇处西北角 雨   ,0,1,【7图】五江天街 临街商铺 一铺可抵一条街 投资创富易如反掌，长沙雨花其他五江天街新房出售 - 长沙赶集网
201604,才子嘉都,长沙,68.4,68.4, 121㎡,雨花时代阳光大道与万芙路交汇处东南角   ,0,1,【6图】地铁口 准现房 才子嘉都 房源不多了 带学位抢到就是赚到，长沙雨花汽车南站才子嘉都新房出售 - 长沙赶集网
201604,英泰汇景豪庭,长沙,64.9,64.9, 123㎡,雨花万芙路与迎新路交汇处东北角 德思   ,0,1,【10图】德思勤对面 无限升值 小投资 大回报 真正0首付 先到先得，长沙雨花砂子塘英泰汇景豪庭新房出售 - 长沙赶集网
201604,卓越蔚蓝城邦,长沙,71.0,71.0, 130㎡,韶山南路与时代阳光大道交汇处西南角（汽车南站东...,28.1464443621,113.020200715,【4图】得房率高 赠送面积大 新推楼王栋！！卓越蔚蓝城邦！！，长沙雨花雨花周边卓越蔚蓝城邦新房出售 - 长沙赶集网
201604,宏聚地中海,长沙,54.0,54.0, 90㎡,时代阳光大道459号,28.102600000852,113.05124489623,【2图】低首付 复式公寓现房 宏聚地中海，长沙雨花韶山南路宏聚地中海新房出售 - 长沙赶集网
201604,卓越蔚蓝城邦,长沙,56.0,56.0, 103㎡,韶山南路与时代阳光大道交汇处西南角（汽车南站东...,28.1464443621,113.020200715,【2图】大品牌 有保障 学位房 卓越你的家在这！！，长沙雨花雨花周边卓越蔚蓝城邦新房出售 - 长沙赶集网
201604,卓越蔚蓝城邦,长沙,45.0,45.0, 83㎡,韶山南路与时代阳光大道交汇处西南角（汽车南站东...,28.1464443621,113.020200715,【4图】双学位，蔚蓝城邦！楼王卖疯了！！还不快订购！得房率高！！！，长沙雨花雨花周边卓越蔚蓝城邦新房出售 - 长沙赶集网
201604,金地自在城,长沙,35.2,35.2, 91㎡,雷锋大道,28.2027066349,112.908699353,【6图】金地自在城 新城国际华都 得房率高 公园式居家环境 居家第一，长沙岳麓金地自在城新房出售 - 长沙赶集网
201604,中粮自然天城,长沙,64.2,64.2, 140㎡,雷锋大道,28.2027066349,112.908699353,【5图】中粮自然天成 超高得房率 让你一步到位 居家环境决定你的生活，长沙岳麓中粮自然天城新房出售 - 长沙赶集网
201604,天麓尚层,长沙,40.9,40.9, 91㎡,雷锋大道,28.2472489145,112.894261068,【5图】天麓尚层 首付一万起 双轻轨口 临麓谷 人人乐 投资居家首选，长沙岳麓汽车西站天麓尚层新房出售 - 长沙赶集网
201604,卓越蔚蓝城邦,长沙,53.5,53.5, 103㎡,韶山南路与时代阳光大道交汇处西南角（汽车南站东...,28.1464443621,113.020200715,【5图】卓越蔚蓝城邦 南城性价比最高 103大三房带学位 地铁口，长沙雨花雨花周边卓越蔚蓝城邦新房出售 - 长沙赶集网
201604,中建梅溪湖中心,长沙,128.0,128.0, 140㎡,岳麓梅溪湖国际新城梅溪湖北岸中段 地   ,0,1,【6图】梅溪湖一线湖景豪宅 夜空中最亮的星 微信X897362734，长沙岳麓望月湖中建梅溪湖中心新房出售 - 长沙赶集网
201604,天麓尚层,长沙,35.1,35.1, 75㎡,雷锋大道,28.2472489145,112.894261068,【5图】天麓尚层 别墅高层 得房率高 双轻轨口 再错过就没有了，长沙岳麓天麓尚层新房出售 - 长沙赶集网
201604,山水香颐,长沙,45.0,45.0, 89㎡,雨花区时代阳光大道与万家丽路的交汇处以东（长沙...,28.100128,113.052375,【6图】博长山水香颐 学位房地铁房低价房 省心省事省钱，长沙雨花汽车南站山水香颐新房出售 - 长沙赶集网
201604,富基世纪公园,长沙,32.5,32.5, 87㎡,普瑞大道二段888号,28.299914316596,112.90635684126,【5图】居家舒适、绿化率64%以上、恒大名都、富基世纪公园、天然氧吧，长沙岳麓市政府富基世纪公园新房出售 - 长沙赶集网
201604,富基世纪公园,长沙,32.3,32.3, 87㎡,普瑞大道二段888号,28.299914316596,112.90635684126,【5图】片区现房、经典户型 依山靠水，首付一万，读长郡，免契税，长沙岳麓湖南商学院富基世纪公园新房出售 - 长沙赶集网
201604,天麓尚层,长沙,43.2,43.2, 92㎡,雷锋大道,28.2472489145,112.894261068,【5图】买房首选、当然天麓尚层、人人乐商圈、西站旁、学区房，长沙岳麓望城坡天麓尚层新房出售 - 长沙赶集网
201604,博长山水香颐,长沙,51.1,51.1, 96.51㎡,时代阳光大道与万家丽路交汇处,28.101944,113.051944,【4图】买好房选博长！ 博长山水香颐 智能小区学位房 出门就是地铁口，长沙雨花汽车南站博长山水香颐新房出售 - 长沙赶集网
201604,博长山水香颐,长沙,73.1,73.1, 138㎡,时代阳光大道与万家丽路交汇处,28.101944,113.051944,【4图】买好房选博长！智能小区学位房 博长山水香颐 您的居家首选！，长沙雨花汽车南站博长山水香颐新房出售 - 长沙赶集网
201604,富兴汇中央,长沙,86.0,86.0, 127㎡,天心新韶东路与万芙北路交汇处西北角,28.128802,113.004936,【11图】15年在观望，16年了，你还在观望么？机会只有一次！，长沙天心青园富兴汇中央新房出售 - 长沙赶集网
201604,山水香颐,长沙,45.0,45.0, 85㎡,雨花时代阳光大道与万家丽路的交汇处以东（长沙恒...,28.100128,113.052806,【6图】圭塘河畔 山体公园上 名校双学位 地铁站口旁 享受生活，长沙雨花山水香颐新房出售 - 长沙赶集网
201604,新城国际花都,长沙,39.8,39.8, 108㎡,雷锋大道与银星路交汇处,28.216389815955,112.90752256659,【4图】【一口价3688元封顶】低总价、高赠送面积、环境好、顶级物业，长沙岳麓新城国际花都新房出售 - 长沙赶集网
201604,星城书院,长沙,68.0,68.0, 70㎡,书院路26号,28.176709,112.977005,【8图】【再降2万】【名校陪读房 未来地铁口】【星城书院 精装2房】，长沙天心书院路星城书院新房出售 - 长沙赶集网
201604,长沙恒大城,长沙,62.0,62.0, 95㎡,雨花万家丽路与时代阳光大道交汇处,28.101907910736,113.04837229488,【4图】五江天街 城南时代 首付2万买精装三房 双地铁口 武广高铁旁，长沙雨花侯家塘长沙恒大城新房出售 - 长沙赶集网
201604,中房F联邦佳境小区,长沙,72.0,72.0, 117㎡,枫林三路与麓云路交界处,28.206249459904,112.89140571384,【9图】人间天堂【中房F联邦】美美的 给您一个浪漫的家，长沙岳麓中房F联邦佳境小区新房出售 - 长沙赶集网
201604,世茂铂翠湾,长沙,90.0,90.0, 122㎡,银盆岭大桥旁,28.225087234375,112.9567905318,【5图】地铁口 城际轻轨 奥克斯 渔人码头 麓山国际学校 银盆岭大桥，长沙岳麓世茂铂翠湾新房出售 - 长沙赶集网
201604,天麓尚层,长沙,40.0,40.0, 88㎡,汽车西站,28.2472489145,112.894261068,【7图】【准现房，不用等】首付1万买房送车位，紧邻汽车西站，交通便利，长沙岳麓湖南财专天麓尚层新房出售 - 长沙赶集网
201604,时代倾城,长沙,45.0,45.0, 85㎡,市政府旁,28.282202393445,112.93262221639,【6图】【学着偷面积，一不小心送多了】正地铁口，精装房，师大附中学位，长沙岳麓银盆岭时代倾城新房出售 - 长沙赶集网
201604,中房F联邦佳境小区,长沙,72.0,72.0, 117㎡,枫林三路与麓云路交界处,28.206249459904,112.89140571384,【7图】麓谷汽车西站【中房F联邦】房子好不好 来看就知道，长沙岳麓麓谷中房F联邦佳境小区新房出售 - 长沙赶集网
201604,天鹿尚层,长沙,50.0,50.0, 109㎡,雷锋大道与尖山路交汇处,28.2027066349,112.908699353,【7图】雷锋大道天麓尚层交500享开盘价最低4600均价，学区房，长沙岳麓汽车西站天鹿尚层新房出售 - 长沙赶集网
201604,天麓尚层,长沙,49.0,49.0, 98㎡,雷锋大道,28.2472489145,112.894261068,【6图】首付分期 8万即可买98平方周正三房 专车免费接看，长沙岳麓汽车西站天麓尚层新房出售 - 长沙赶集网
201604,中粮自然天城,长沙,36.0,36.0, 85㎡,雷锋大道,28.2027066349,112.908699353,【5图】世界五百强，责任央企，中粮内部员工特价房！，长沙岳麓湖南商学院中粮自然天城新房出售 - 长沙赶集网
201604,乾城嘉园,长沙,57.6,57.6, 90㎡,423号,28.1558850304,112.978542157,【6图】张红团队：市中心单价6000多的绝板江景房 花最少的钱住江边，长沙天心金盆岭乾城嘉园新房出售 - 长沙赶集网
201604,珠江郦城,长沙,58.0,58.0, 78㎡,芙蓉北路与福元西路交汇处东南角,28.2602190564,113.024729972,【6图】新房珠江郦城，新环境独家代理7400一平，比售楼部内部价还低，长沙开福三一大道珠江郦城新房出售 - 长沙赶集网
201604,星城映象,长沙,75.0,75.0, 118㎡,体育新城白沙湾路和石坝路交界处,28.168374,113.052913,【7图】张红团队：地铁口精装大三房 首付低 通风采光非常好 本月必卖，长沙雨花体育新城星城映象新房出售 - 长沙赶集网
201604,卢浮原著,长沙,52.0,52.0, 108㎡,天心万家丽南路与芙蓉南路交叉口,28.175357337807,112.9662227035,【5图】万家丽高架桥开通，地铁一号线88至118平新品加推，升值大，长沙天心南门口卢浮原著新房出售 - 长沙赶集网
201604,中建芙蓉嘉苑,长沙,48.8,48.8, 80㎡,芙蓉南路与披塘路交汇处,28.087817,112.996499,【6图】买房，精装修，一步到位。小孩上学不用愁，地铁口就在你家门口！，长沙天心芙蓉南路中建芙蓉嘉苑新房出售 - 长沙赶集网
201604,中建芙蓉嘉苑,长沙,79.0,79.0, 132㎡,芙蓉南路与披塘路交汇处,28.087817,112.996499,【5图】正地铁口，交通便利。带学位，诚心者价格优惠，，长沙天心芙蓉南路中建芙蓉嘉苑新房出售 - 长沙赶集网
201604,夏威夷碧水春城,长沙,63.0,63.0, 123㎡,桂花坪,28.10090760631,112.99793863882,【12图】五江夏威夷123的现房！！！！！！！！！！！！！！！！！！！，长沙天心书院路夏威夷碧水春城新房出售 - 长沙赶集网
201604,湘熙水郡,长沙,61.0,61.0, 91㎡,潇湘南路一段508号,28.2027066349,112.908699353,【9图】地铁口，开发区，现在的房价在以后来说就是个【然并卵】。，长沙岳麓大学城湘熙水郡新房出售 - 长沙赶集网
201604,湘熙水郡,长沙,107.0,107.0, 165㎡,潇湘南路一段508号,28.2027066349,112.908699353,【10图】【现房交易】【500抵两万】【地铁口学区房】升值中心，长沙岳麓含浦湘熙水郡新房出售 - 长沙赶集网
201604,湘江世纪城,长沙,35.5,35.5, 89㎡,塞纳公馆,28.265932,112.984532,【7图】【免佣特惠】不到4000/平 把北雅学位写进购房合同，长沙开福湘江世纪城湘江世纪城新房出售 - 长沙赶集网
201604,卢浮原著,长沙,176.0,176.0, 168㎡,天心万家丽南路与芙蓉南路交叉口,28.175357337807,112.9662227035,【5图】城央真别墅，长沙南城别墅销冠，168至196平联排新品加推，长沙天心南门口卢浮原著新房出售 - 长沙赶集网
201604,尚都花园城新长海,长沙,50.0,50.0, 107㎡,尚都花园城,28.2338055384,113.084758519,【12图】温馨三房、醇熟配套、升值空间巨大、全新楼盘、独家代理 有优惠，长沙星沙板仓路尚都花园城新长海新房出售 - 长沙赶集网
201604,五江天街,长沙,25.0,25.0, 37㎡,雨花劳动东路139号（东二环与劳动东路交汇处）,28.154575,113.034725,【8图】新环境代理 五江天街 免中介费 全长沙免费接送豪华装修，长沙雨花树木岭五江天街新房出售 - 长沙赶集网
201604,城南时代,长沙,40.0,40.0, 89㎡,时代阳光大道,28.1464443621,113.020200715,【4图】南站周边唯一4字开头的现房，地铁房！学位房！更有惊爆价等您来，长沙雨花汽车南站城南时代新房出售 - 长沙赶集网
201604,中南红领邦,长沙,79.0,79.0, 137㎡,南站附近,28.1464443621,113.020200715,【3图】中南红领邦 汽车南站正对面 和平小学学位 地铁正口 立马入住，长沙雨花汽车南站中南红领邦新房出售 - 长沙赶集网
201604,三一街区,长沙,35.0,35.0, 63㎡,长沙经济开发区潇湘西路与湘龙路交汇处西南角,28.261620491348,113.07529199575,【8图】万家丽北路 特里路西 三一街区 就此香寓，长沙星沙经济开发区三一街区新房出售 - 长沙赶集网
201604,珠江郦城,长沙,58.5,58.5, 79㎡,芙蓉北路与福元西路交汇处东南角,28.2602190564,113.024729972,【5图】首付一成、公园一号、双地铁口、双学位房 精装修，长沙开福三一大道珠江郦城新房出售 - 长沙赶集网
201604,时代倾城,长沙,65.0,65.0, 115㎡,金星北路与银星路交汇处,28.282202393445,112.93262221639,【4图】热销地铁口、学区、环境优美、拎包入住首付分期，体育公园，长沙岳麓市政府时代倾城新房出售 - 长沙赶集网
201604,天麓尚层,长沙,53.0,53.0, 109㎡,雷锋大道汽车西站,28.2472489145,112.894261068,【4图】长常益轻轨直达家门口、首付1万分2年最低价小区、实用小三房，长沙岳麓湖南商学院天麓尚层新房出售 - 长沙赶集网
201604,金荣誉峰翡翠谷,长沙,1190.0,1190.0, 700㎡,麓谷公园旁,28.219462590531,112.90223938435,【8图】岳麓高新区金荣誉峰翡翠谷9室700平米1190万，长沙岳麓麓谷金荣誉峰翡翠谷新房出售 - 长沙赶集网
201604,阳光100,长沙,61.0,61.0, 77㎡,阳光100岳麓区猴子石大桥附近,28.147761,112.946911,【7图】阳光100 四期凤凰社，长沙岳麓岳麓阳光100新房出售 - 长沙赶集网
201604,阳光100,长沙,65.0,65.0, 85㎡,阳光100岳麓区猴子石大桥附近,28.147761,112.946911,【8图】阳光100 湘江边、地铁口学位房  ，长沙岳麓岳麓阳光100新房出售 - 长沙赶集网
201604,中南红领邦,长沙,52.8,52.8, 86㎡,雨花韶山南路与时代阳光大道交汇处西南角,28.1464443621,113.020200715,【5图】南站【新房现房】出售，你想要的，这里都有！，长沙雨花韶山南路中南红领邦新房出售 - 长沙赶集网
201604,富基世纪公园,长沙,32.0,32.0, 87㎡,普瑞大道二段888号,28.299914316596,112.90635684126,【6图】免佣金！免佣金！首付分期！学位房！带长郡中小学和师大附中等，长沙岳麓金星大道富基世纪公园新房出售 - 长沙赶集网
201604,富基世纪公园,长沙,46.8,46.8, 123㎡,普瑞大道二段888号,28.299914316596,112.90635684126,【7图】【富基世纪公园】名校长郡 环境好 入住率高 低首付 居家陪读，长沙岳麓金星大道富基世纪公园新房出售 - 长沙赶集网
201604,卓越蔚蓝城邦,长沙,53.0,53.0, 103㎡,韶山南路与时代阳光大道交汇处西南角（汽车南站东...,28.1464443621,113.020200715,【10图】妈妈再也不用担心我读书的问题啦，学位房，学位房，长沙雨花雨花周边卓越蔚蓝城邦新房出售 - 长沙赶集网
201604,中城丽景香山,长沙,78.0,78.0, 122㎡,体育新城 新城新世界 恒大绿洲 星城映象,28.158237,113.036463,【10图】精装紧凑四房 高赠送 完美户型 核心商圈 交通便利 免费，长沙雨花体育新城中城丽景香山新房出售 - 长沙赶集网
201604,卓越蔚蓝城邦,长沙,53.0,53.0, 103㎡,五矿万境水岸，欧莱雅郡，碧水龙庭，中建芙蓉嘉苑...,28.1464443621,113.020200715,"【10图】本人专做卓越,内部员工房,买的放心,买的舒心,绝对优惠，长沙雨花东塘卓越蔚蓝城邦新房出售 - 长沙赶集网"
201604,卓越蔚蓝城邦,长沙,40.0,40.0, 82㎡,五矿万境水岸，欧莱雅郡，碧水龙庭，中建芙蓉嘉苑...,28.1464443621,113.020200715,【7图】绝版小三房，价格优惠实在，小区环境好，物业好。。。，长沙雨花劳动中路卓越蔚蓝城邦新房出售 - 长沙赶集网
201604,珠江郦城,长沙,95.0,95.0, 125㎡,湘江世纪城伍家岭黄金海岸水韵花都珠江花城万国城...,28.2602190564,113.024729972,【9图】【新房】没有【双地铁口】【双学位】【双公园】怎敢称精装大盘，长沙开福湘江世纪城珠江郦城新房出售 - 长沙赶集网
201604,星城映象,长沙,60.0,60.0, 90㎡,体育新城白沙湾路和石坝路交界处,28.168374,113.052913,【10图】求抢！武广新城 黄金地段 省税 精装小三房 南北通透完美户型，长沙雨花体育新城星城映象新房出售 - 长沙赶集网
201604,合能璞丽,长沙,72.0,72.0, 119㎡,梅溪湖映日路与看云路交汇处,28.2027066349,112.908699353,【14图】地铁口 西站梅溪湖 长郡双学位 合能璞丽 品质大盘 免佣 值，长沙岳麓汽车西站合能璞丽新房出售 - 长沙赶集网
201604,万国城,长沙,48.8,48.8, 83㎡,湘江世纪城伍家岭黄金海岸水韵花都珠江花城万国城...,28.257954,113.004936,【9图】【免中介费】【恒温】【恒湿】【恒氧】住万国让您多活20年！！，长沙开福湘江世纪城万国城新房出售 - 长沙赶集网
201604,鑫天格林香山,长沙,31.0,31.0, 104㎡,芙蓉南路,28.3227586252,113.22494604,【13图】芙蓉南路 动物园 中信新城 格兰小镇 南托岭 幸福庄园！！！，长沙长沙县鑫天格林香山新房出售 - 长沙赶集网
201604,人人乐莱茵城汽车西站,长沙,22.0,22.0, 36㎡,人人乐时代城附近莱茵城,28.2341171806,112.915174878,【8图】河西永林小时代，首付2000月供1300你们还在担心租房吗！，长沙岳麓雷锋大道人人乐莱茵城汽车西站新房出售 - 长沙赶集网
201604,鑫天格林香山,长沙,21.0,21.0, 72㎡,芙蓉南路,28.3227586252,113.22494604,【6图】非中介免服务费 全城最低价2980 现房 买了就可以立马装修，长沙长沙县鑫天格林香山新房出售 - 长沙赶集网
201604,鑫天格林香山,长沙,21.6,21.6, 72.34㎡,芙蓉南路,28.3227586252,113.22494604,【4图】长沙唯一超低价21.6万即可买地铁口两房！，长沙长沙县鑫天格林香山新房出售 - 长沙赶集网
201604,中城丽景香山,长沙,63.8,63.8, 96㎡,体育新城,28.158237,113.036463,【9图】打造长沙浦东 带武广新城腾飞 现在0税0费 提前入驻 速度喽，长沙雨花体育新城中城丽景香山新房出售 - 长沙赶集网
201604,城南时代,长沙,37.0,37.0, 85㎡,时代阳光大道,28.1464443621,113.020200715,【7图】城南时代 绝对低价高档小区 免中介费并享受内部折扣 机不可失，长沙雨花汽车南站城南时代新房出售 - 长沙赶集网
201604,珠江花城(一至六期),长沙,215.0,215.0, 215㎡,福元路,28.2574305281,112.998930727,【8图】珠江郦城别墅开卖了，想要瞧瞧的，快点进来吧。，长沙开福开福周边珠江花城(一至六期)新房出售 - 长沙赶集网
201604,海洋半岛明珠,长沙,63.0,63.0, 97㎡,湘江世纪城珠江花城万国城珠江郦城万科城英祥春天...,28.23483637309,113.02452375556,【20图】【周正户型】【空间布局合理】【浏阳河风光带】把小区成半包围，长沙开福湘江世纪城海洋半岛明珠新房出售 - 长沙赶集网
201604,珑景台,长沙,52.0,52.0, 86㎡,雨花区洞井路与湘府东路交汇处(华盛世纪新城北),28.1464443621,113.020200715,【5图】红星商圈珑璟台 交通方便 带学位 临地铁 随时看房，长沙雨花井湾子珑景台新房出售 - 长沙赶集网
201604,悦湖山,长沙,55.0,55.0, 95㎡,福元中路长沙大学北门以东300米,28.259127,113.044632,【4图】实景现房！幸福生活触手可及！，长沙开福四方坪悦湖山新房出售 - 长沙赶集网
201604,湘域熙岸,长沙,68.0,68.0, 85㎡,芙蓉人民东路,28.1911622838,113.048082861,【8图】8100一口价 抢湘域熙岸现房，长沙芙蓉人民东路湘域熙岸新房出售 - 长沙赶集网
201604,阳光100,长沙,79.0,79.0, 85㎡,岳麓岳麓,28.147761,112.946911,【8图】阳光100四期凤凰社 精装温馨两房 首付二层减两万，长沙岳麓岳麓阳光100新房出售 - 长沙赶集网
201604,湘域熙岸,长沙,300.0,300.0, 303㎡,芙蓉人民东路,28.1911622838,113.048082861,【7图】抢湘域熙岸现房 11000均价 赶快联系还有独家优惠，长沙芙蓉人民东路湘域熙岸新房出售 - 长沙赶集网
201604,卓越蔚蓝城邦,长沙,40.0,40.0, 82㎡,五矿万境水岸，欧莱雅郡，碧水龙庭，中建芙蓉嘉苑...,28.1464443621,113.020200715,【6图】汽车南站板块唯一高品质，低价位，超高性价比，地铁房，学位房，长沙雨花雨花亭卓越蔚蓝城邦新房出售 - 长沙赶集网
201604,卓越蔚蓝城邦,长沙,40.0,40.0, 82㎡,五矿万境水岸，欧莱雅郡，碧水龙庭，中建芙蓉嘉苑...,28.1464443621,113.020200715,【7图】单价4999截止到元旦，需要了解详细情况的可直接拨打电话，长沙雨花汽车南站卓越蔚蓝城邦新房出售 - 长沙赶集网
201604,湘府十城,长沙,60.0,60.0, 93㎡,雨花湘府东路二段99号（湘府路与万家丽路交汇处...,28.120454,113.042686,【2图】新楼盘 湘府十城 环境优美 省植物园北门处 圭塘河风光带旁，长沙雨花湘府十城新房出售 - 长沙赶集网
201604,卓越蔚蓝城邦,长沙,69.0,69.0, 130㎡,五矿万境水岸，欧莱雅郡，碧水龙庭，中建芙蓉嘉苑...,28.1464443621,113.020200715,"【7图】价格最低优惠,汽车南站板块最适合居家的楼盘,性价比最高，长沙雨花井湾子卓越蔚蓝城邦新房出售 - 长沙赶集网"
201604,珠江郦城,长沙,93.0,93.0, 125㎡,湘江世纪城伍家岭黄金海岸水韵花都珠江花城万国城...,28.2602190564,113.024729972,【9图】【热筹中】【双地铁口】【双学位】【双公园】【精装修】首付一成，长沙开福湘江世纪城珠江郦城新房出售 - 长沙赶集网
201604,梅溪湖金茂悦,长沙,99.9,99.9, 128㎡,梅溪湖,28.2027066349,112.908699353,【8图】独家代理，梅溪湖唯一精装全套在售双学位房源，长沙岳麓汽车西站梅溪湖金茂悦新房出售 - 长沙赶集网
201604,卓越蔚蓝城邦,长沙,40.0,40.0, 82㎡,五矿万境水岸，欧莱雅郡，碧水龙庭，中建芙蓉嘉苑...,28.1464443621,113.020200715,【7图】汽车南站板块唯一高品质低价位，超高性价比楼盘！！！，长沙雨花韶山中路卓越蔚蓝城邦新房出售 - 长沙赶集网
201604,景上鑫苑,长沙,58.0,58.0, 132㎡,开元路与东二路交汇处,28.258034,113.099106,【7图】婚房！婚房!结婚啦！买房 结婚 装修 购置家电 这里一部到位，长沙星沙开元路景上鑫苑新房出售 - 长沙赶集网
201604,佳园星城,长沙,54.8,54.8, 99㎡,雨花红星村,28.125647,113.019673,【8图】温馨装饰 送全套全新家具家电 限时抢购 赶紧行动吧，长沙雨花红星村佳园星城新房出售 - 长沙赶集网
201604,保利西海岸,长沙,59.9,59.9, 94㎡,瀟湘北路,28.2027066349,112.908699353,【6图】双地铁口、精装修、带品牌家私、家电 团购【新房免佣】，长沙岳麓岳麓保利西海岸新房出售 - 长沙赶集网
201604,珠江郦城,长沙,92.8,92.8, 125㎡,开福开福周边,28.2602190564,113.024729972,【7图】【新环境免佣】双地铁口精装修首付一成，长沙开福开福周边珠江郦城新房出售 - 长沙赶集网
201604,水映加州,长沙,192.8,192.8, 383㎡,开福开福周边,28.342046,112.972247,【8图】【店长首推】二环内别墅卖公寓价捡漏子高端小区别样生活，长沙开福开福周边水映加州新房出售 - 长沙赶集网
201604,珠江郦城,长沙,68.8,68.8, 93㎡,开福开福周边,28.2602190564,113.024729972,【14图】【新环境免佣+购房团购价】认筹中+地铁口的精装大盘+学位房，长沙开福开福周边珠江郦城新房出售 - 长沙赶集网
201604,时代倾城,长沙,54.0,54.0, 102㎡,岳麓金星大道,28.282202393445,112.93262221639,【8图】你的时代，你做主，精装修大盘时代倾城等你来，长沙岳麓金星大道时代倾城新房出售 - 长沙赶集网
201604,时代倾城,长沙,65.0,65.0, 115㎡,金星北路与银星路交汇处,28.282202393445,112.93262221639,【6图】买了希望让房价涨，没买想希望房价跌。你再不出手就没希望了。，长沙岳麓时代倾城新房出售 - 长沙赶集网
201604,卢浮原著,长沙,180.0,180.0, 168㎡,天心万家丽南路与芙蓉南路交叉口,28.175357337807,112.9662227035,【5图】长沙南城别墅销冠，168至196平法式联排别墅，新品加推，长沙天心南门口卢浮原著新房出售 - 长沙赶集网
201604,卓越蔚蓝城邦,长沙,37.0,37.0, 77㎡,韶山南路与时代阳光大道交汇处西南角（汽车南站东...,28.1464443621,113.020200715,【8图】卓越蔚蓝城邦77的！！！！！！！！！！！！！！！！！！！！！，长沙雨花雨花周边卓越蔚蓝城邦新房出售 - 长沙赶集网
201604,珠江丽城,长沙,66.0,66.0, 89㎡,万国城、第一湾、海洋半岛、五矿沁园金城,28.2602190564,113.024729972,【6图】开福区珠江郦城，经典3房，高赠送率，送豪华精装修，免税免佣，长沙开福北辰三角洲珠江丽城新房出售 - 长沙赶集网
201604,鑫天格林香山,长沙,31.0,31.0, 104㎡,芙蓉南路,28.3227586252,113.22494604,【9图】2980/㎡特价来袭，轻轻松松搞定岳母娘，美女老婆娶回家10，长沙长沙县鑫天格林香山新房出售 - 长沙赶集网
201604,中建芙蓉嘉苑,长沙,75.0,75.0, 123㎡,芙蓉南路与披塘路交汇处,28.087817,112.996499,【7图】正地铁口，首付一成起，零契税，零维修基金！，长沙天心芙蓉南路中建芙蓉嘉苑新房出售 - 长沙赶集网
201604,珠江郦城,长沙,100.0,100.0, 134㎡,湘江世纪城伍家岭黄金海岸水韵花都珠江花城万国城...,28.2602190564,113.024729972,【11图】【热筹中】+【双地铁口】+【双学位】+【双公园】+【精装修】，长沙开福湘江世纪城珠江郦城新房出售 - 长沙赶集网
201604,珠江丽城,长沙,88.0,88.0, 117㎡,万国城、第一湾、海洋半岛、五矿沁园金城,28.2602190564,113.024729972,【7图】开福区珠江郦城，经典3房，团购8千抵2万，送精装修，免税免佣，长沙开福北辰三角洲珠江丽城新房出售 - 长沙赶集网
201604,芒果天地,长沙,43.0,43.0, 63㎡,车站南路171号 中江佳境天成兰亭优壳福乐康城...,28.171312,113.016282,【6图】免中介费 市中心一环内芒果新天地 准现房 新房大团购，长沙雨花东塘芒果天地新房出售 - 长沙赶集网
201604,长沙恒大城世纪桃花苑,长沙,81.0,81.0, 122㎡,世纪桃花苑欧莱雅郡旁,28.1021023624,113.040675793,【5图】城南时代 五江天街 双地铁口 从小学到大学一步到位，长沙雨花砂子塘长沙恒大城世纪桃花苑新房出售 - 长沙赶集网
201604,中海国际社区,长沙,62.0,62.0, 98㎡,靳江路与学士联络线交南二环/湖大科教新村/曙光...,28.14671,112.928736,【4图】大学城央企名盘中海国际社区4月见推出高品质户型！一万抵六万团，长沙岳麓岳麓中海国际社区新房出售 - 长沙赶集网
201604,金色LOFT,长沙,43.0,43.0, 57㎡,英郡年华 融科东南海附近,28.1464443621,113.020200715,【4图】金色LOFT 精装复式楼 出售！有图有真相！，长沙雨花新星小区金色LOFT新房出售 - 长沙赶集网
201604,江山韵,长沙,45.8,45.8, 103㎡,岳麓区金星北路与金甲冲路交汇处,28.2027066349,112.908699353,【8图】【出售】上门有礼+师大附中双学位+1200㎡精装修=4500，长沙岳麓江山韵新房出售 - 长沙赶集网
201604,合能璞丽,长沙,54.0,54.0, 93㎡,梅溪湖映日路与看云路交汇处,28.2027066349,112.908699353,【5图】梅溪湖 合能璞丽 高品质三房 长郡学位房，长沙岳麓汽车西站合能璞丽新房出售 - 长沙赶集网
201604,珠江郦城,长沙,71.0,71.0, 92㎡,湘江世纪城伍家岭黄金海岸水韵花都珠江花城万国城...,28.2602190564,113.024729972,【8图】【免税免佣】精装修+低首付+特价房+学区房+地铁口+免费接送，长沙开福湘江世纪城珠江郦城新房出售 - 长沙赶集网
201604,天麓尚层澳海澜庭,长沙,67.0,67.0, 140㎡,人人乐北,28.2472489145,112.894261068,【6图】免佣金！免佣金！首付两万！交五千低三万享新环境团购价学位房！，长沙岳麓汽车西站天麓尚层澳海澜庭新房出售 - 长沙赶集网
201604,中南红领邦,长沙,69.0,69.0, 136㎡,韶山南路和时代阳光大道交汇处，才子嘉都，卓越蔚...,28.1464443621,113.020200715,【4图】正汽车南站，轻轨，地铁口，地理位绝好，四房，现房，长沙雨花汽车南站中南红领邦新房出售 - 长沙赶集网
201604,卓越蔚蓝城邦,长沙,46.0,46.0, 101㎡,韶山南路与时代阳光大道交汇处西南角（汽车南站东...,28.1464443621,113.020200715,【6图】15年在观望！ 16年您还在观望么？ 机会只有一次！汽车南站，长沙雨花雨花周边卓越蔚蓝城邦新房出售 - 长沙赶集网
201604,东宸林海,长沙,58.0,58.0, 115㎡,雨花洞井镇牛头村,28.140871599169,113.04998853898,【6图】自带森林公园 整个长沙独家 低价出售 免中介费 专车接送，长沙雨花雨花区政府东宸林海新房出售 - 长沙赶集网
201604,富基世纪公园,长沙,42.0,42.0, 95㎡,普瑞大道二段888号,28.299914316596,112.90635684126,【8图】好消息，岳麓区澳海澜庭新楼盘开盘啦，视野开阔，交通便利，长沙岳麓金星大道富基世纪公园新房出售 - 长沙赶集网
201604,八方小区祥泰山庄,长沙,55.6,55.6, 105㎡,检察院对面,28.2395051744,112.941063953,【8图】岳麓区，时代倾城 首付1万买精装三房，买房送旅游卡哦，长沙岳麓金星大道八方小区祥泰山庄新房出售 - 长沙赶集网
201604,富基世纪公园,长沙,52.0,52.0, 134㎡,普瑞大道二段888号,28.299914316596,112.90635684126,【8图】好消息，岳麓区澳海澜庭新楼盘开盘啦，最实惠的价格，长沙岳麓金星大道富基世纪公园新房出售 - 长沙赶集网
201604,澳海澜庭,长沙,38.0,38.0, 89㎡,望城区星城镇戴公庙,28.20437965716,112.95524782306,【7图】西站旁【首付2万】 刚需小三房【带学位】双轻轨口 别墅区高层，长沙岳麓湖南商学院澳海澜庭新房出售 - 长沙赶集网
201604,夏威夷碧水春城,长沙,89.0,89.0, 144㎡,桂花坪,28.10090760631,112.99793863882,【14图】省府板块地铁口 纯板房设计 南北通透 尽展居家的实用性和舒适，长沙天心夏威夷碧水春城新房出售 - 长沙赶集网
201604,长沙恒大城世纪桃花苑,长沙,32.0,32.0, 104㎡,世纪桃花苑欧莱雅郡旁,28.1021023624,113.040675793,【4图】五江天街 卓越蔚蓝城邦 3080买地铁三房 还有城市轻轨，长沙雨花汽车南站长沙恒大城世纪桃花苑新房出售 - 长沙赶集网
201604,富基世纪公园,长沙,29.8,29.8, 86㎡,普瑞大道二段888号 富基世纪公园,28.299914316596,112.90635684126,【4图】【免费看房】市政府富基世纪公园 刚需盘 绝版n+1户型 宜居，长沙岳麓市政府富基世纪公园新房出售 - 长沙赶集网
201604,时代倾城,长沙,57.0,57.0, 115㎡,金星北路与银星路交汇处,28.282202393445,112.93262221639,【6图】视屏看房更放心 时代精装完美3+1户型 地铁四号线 ！！！，长沙岳麓金星大道时代倾城新房出售 - 长沙赶集网
201604,时代倾城,长沙,58.0,58.0, 115㎡,市政府,28.282202393445,112.93262221639,【7图】duang楼王来啦！4980抢市府旁、精装修，地铁口、学位，长沙岳麓湘雅三医院时代倾城新房出售 - 长沙赶集网
201604,天麓尚层,长沙,34.5,34.5, 88㎡,人人乐以北,28.2472489145,112.894261068,【4图】西站旁，轻轨口，天麓尚层，首付一层，买房还送车位！！，长沙岳麓汽车西站天麓尚层新房出售 - 长沙赶集网
201604,鑫天格林香山,长沙,27.0,27.0, 88㎡,芙蓉南路,28.3227586252,113.22494604,【14图】一个安静舒适的家！可为爸妈买着温馨的家！，长沙长沙县鑫天格林香山新房出售 - 长沙赶集网
201604,天鹿尚层,长沙,43.0,43.0, 140㎡,雷锋大道与尖山路交汇处,28.2027066349,112.908699353,【8图】西站新房，首付1万，享博才名校，轻轨之上。，长沙岳麓汽车西站天鹿尚层新房出售 - 长沙赶集网
201604,中建芙蓉嘉苑,长沙,57.0,57.0, 94㎡,芙蓉南路与披塘路交汇处,28.087817,112.996499,【6图】正地铁口1号线，交通便利，带学位，绿化高，火热销售中!，长沙天心芙蓉南路中建芙蓉嘉苑新房出售 - 长沙赶集网
201604,珠江花城(一至六期),长沙,70.0,70.0, 138㎡,福元路,28.2574305281,112.998930727,【6图】新房珠江实业第八期收官之作公园一号带学位带精装，长沙开福开福周边珠江花城(一至六期)新房出售 - 长沙赶集网
201604,蓝光幸福满庭,长沙,46.0,46.0, 84.86㎡,万家丽路和木莲冲路交汇处,28.137375,113.037063,【4图】喜盈门商圈最优惠的房源，长沙雨花喜盈门范城蓝光幸福满庭新房出售 - 长沙赶集网
201604,中粮自然天城,长沙,37.0,37.0, 87㎡,雷锋大道,28.2027066349,112.908699353,【5图】央企内部员工特价现房！高端住宅小区，目前活动八千抵3万！，长沙岳麓中粮自然天城新房出售 - 长沙赶集网
201604,顺天国际金融中心,长沙,180.0,180.0, 120㎡,雨花韶山路355号,28.163661,113.001225,【4图】免中介费 临地铁 豪华高档写字楼 低价出售 可带租约出售，长沙雨花顺天国际金融中心新房出售 - 长沙赶集网
201604,北辰三角洲,长沙,48.8,48.8, 92㎡,开福区湘江北路三段1200号,28.2350311771,112.982911425,【5图】{业主急售} 双地铁口+双学位+双公园+低首付 {好房免佣}，长沙开福北辰三角洲新房出售 - 长沙赶集网
201604,珠江花城,长沙,48.8,48.8, 92㎡,区政府东侧,28.257429,112.998936,【5图】{业主急售} 双地铁口+双学位+双公园+低首付 {好房免佣}，长沙开福其他珠江花城新房出售 - 长沙赶集网
201604,融科东南海一期,长沙,68.0,68.0, 99㎡,雨花韶山路中段香樟路469号（民政学院东面）,28.144005913612,113.03822757908,【6图】融科东南海十里银滩 享三亚美景 闻窗外鸟语花香 免营业税，长沙雨花香樟路融科东南海一期新房出售 - 长沙赶集网
201604,万科城市花园,长沙,59.0,59.0, 89㎡,枫林三路（一师范旁边）,28.200492,112.881494,【8图】现房出售 长郡中学 梅溪湖 万科城市花园 精装修三房，长沙岳麓枫林路万科城市花园新房出售 - 长沙赶集网
201604,万科城市花园一期,长沙,59.0,59.0, 89㎡,岳麓区枫林三路889号（湖南涉外经济学院对面）,28.166353815902,112.93689509062,【8图】现房出售 长郡中学 梅溪湖 万科城市花园 精装修三房，长沙岳麓麓谷万科城市花园一期新房出售 - 长沙赶集网
201604,中房F联邦佳境小区,长沙,39.0,39.0, 88㎡,枫林三路与麓云路交界处,28.206249459904,112.89140571384,【10图】婚房首选梅溪湖 地铁口位置 中房F联邦优质户型两房出售，长沙岳麓枫林路中房F联邦佳境小区新房出售 - 长沙赶集网
201604,梅溪湖金茂悦,长沙,55.5,55.5, 115㎡,梅溪湖,28.2027066349,112.908699353,【5图】{业主急售} 双地铁口+双学位+双公园+低首付 {好房免佣}，长沙岳麓汽车西站梅溪湖金茂悦新房出售 - 长沙赶集网
201604,海洋半岛明珠,长沙,48.8,48.8, 92㎡,四方坪胜利村,28.23483637309,113.02452375556,【5图】{业主急售} 双地铁口+双学位+双公园+低首付 {好房免佣}，长沙开福海洋半岛明珠新房出售 - 长沙赶集网
201604,芒果天地,长沙,95.0,95.0, 119㎡,车站南路171号,28.171312,113.016282,【7图】免中介费 享内部团购价 随时看房 全新毛坯 绿化小区，长沙雨花东塘芒果天地新房出售 - 长沙赶集网
201604,卓越蔚蓝城邦,长沙,48.0,48.0, 90㎡,韶山南路与时代阳光大道交汇处西南角（汽车南站东...,28.1464443621,113.020200715,【4图】免费带看 不收任何费用 先到先得 随时看房 全新毛坯 配套齐，长沙雨花雨花周边卓越蔚蓝城邦新房出售 - 长沙赶集网
201604,中海国际社区,长沙,62.0,62.0, 94㎡,靳江路与学士联络线交,28.14671,112.928736,【7图】【中海国际，实力品牌】【穹顶之下，自由呼吸】火爆认筹中，长沙岳麓岳麓中海国际社区新房出售 - 长沙赶集网
201604,中海国际社区,长沙,61.5,61.5, 98㎡,靳江路与学士联络线交,28.14671,112.928736,【7图】国际社区 高档楼盘 免中介费 享售内部团购价 仅在新环境，长沙岳麓岳麓中海国际社区新房出售 - 长沙赶集网
201604,金地自在城,长沙,34.0,34.0, 91㎡,雷锋大道与尖山路交汇处,28.2027066349,112.908699353,【4图】3680起 低价智选自在城 幸福乐享别墅情 低价首选，长沙岳麓汽车西站金地自在城新房出售 - 长沙赶集网
201604,富春山,长沙,37.0,37.0, 93㎡,雨花区汽车南站,28.08529,113.042659,【6图】3980买汽车南站 带长郡学位 零公摊 零契税，长沙雨花汽车南站富春山新房出售 - 长沙赶集网
201604,中城丽景香山,长沙,81.0,81.0, 121㎡,体育新城,28.158237,113.036463,【8图】首付可分期付 精装四房 核心商圈 大型企业开发 15年热卖，长沙雨花体育新城中城丽景香山新房出售 - 长沙赶集网
201604,长沙恒大城世纪桃花苑,长沙,42.3,42.3, 94㎡,世纪桃花苑欧莱雅郡旁,28.1021023624,113.040675793,【4图】富春山 欧莱雅郡 首付2万买准现房 长郡学位 地铁口，长沙雨花洞井铺长沙恒大城世纪桃花苑新房出售 - 长沙赶集网
201604,金地自在城,长沙,40.5,40.5, 91㎡,雷峰大道龙湖高尔夫北面,28.2027066349,112.908699353,【8图】境界三千府邸、理想居住环境： 金地自在城买房送ipad，长沙岳麓麓谷金地自在城新房出售 - 长沙赶集网
201604,麓山枫情,长沙,31.8,31.8, 44.80㎡,岳麓区望城坡片区南园路与玉兰路交汇处,28.208061,112.917766,【8图】西站地铁口麓山枫情 11万首付买婚房 轻松搞定丈母娘，长沙岳麓望城坡麓山枫情新房出售 - 长沙赶集网
201604,通用时代国际社区,长沙,160.0,160.0, 100㎡,天心芙蓉中路与赤岭路交汇处（长沙理工大学正对面...,28.157746,112.985246,【4图】免中介费 面积位置任选 全新商铺 低价 先到先得，长沙芙蓉赤岭路通用时代国际社区新房出售 - 长沙赶集网
201604,麓山枫情,长沙,58.3,58.3, 88.41㎡,达美D6区，麓山枫情，城西公寓，广厦新苑，望兴...,28.208061,112.917766,【15图】汽车西站地铁口【麓山枫情】三房 方正格局 极致空间零浪费，长沙岳麓汽车西站麓山枫情新房出售 - 长沙赶集网
201604,尚都花园城,长沙,52.0,52.0, 108㎡,向阳路与东升路交汇处,28.233842,113.084805,【11图】城市中央、商业中心、国家化小区、升值+居家+购房优惠+学位，长沙星沙星沙片区尚都花园城新房出售 - 长沙赶集网
201604,中国铁建山语城,长沙,40.0,40.0, 89㎡,芙蓉北路与秀峰路交汇处(秀峰路69号),28.2934513285,112.975927728,【9图】买房投资请点击！！！本房有很大的升值空间！！！，长沙开福湘江世纪城中国铁建山语城新房出售 - 长沙赶集网
201604,洋湖STYLE,长沙,40.0,40.0, 84㎡,河西岳麓区含浦,28.2027066349,112.908699353,【5图】洋湖公园唯一现房 唯一五千以下的价格仅此一栋 速电选个好楼层，长沙岳麓含浦洋湖STYLE新房出售 - 长沙赶集网
201604,晟通城,长沙,47,47, 127 ㎡,金星北路,28.346239947917,112.83511570023,"【8图】自然闲适,品味生活,棕榈园林,鼎力相助——晟通城,心宁之所，长沙望城晟通城晟通城新房出售 - 长沙赶集网"
201604,阳光100国际新城,长沙,78.0,78.0, 135㎡,猴子石大桥西头北侧,28.145779019677,112.95098014619,【7图】全天采光，户型周正，小区环境好，价格实惠到甚至是便宜，长沙阳光100国际新城新房出售 - 长沙赶集网
201604,鸥波港湾,长沙,66,66, 58 ㎡,开福区东风路262号,28.224024,112.999143,"【5图】烈士公园鸥波港湾,豪华精装,首付8000,带全套家私电器，长沙开福东风路鸥波港湾新房出售 - 长沙赶集网"
201604,荣盛·花语馨苑,长沙,27,27, 66 ㎡,人人乐,28.2027066349,112.908699353,"【5图】(出售) 27万,拿下麓谷高新区,黄金地段学区房 现房 清盘，长沙岳麓汽车西站荣盛·花语馨苑新房出售 - 长沙赶集网"
201604,体育新城,长沙,60,60, 90 ㎡,古曲南路198号茂华国际,28.162514,113.0544,【图】高铁片区 枫树山+洋房+别墅+小高层 90140平米新房，长沙雨花其他体育新城新房出售 - 长沙赶集网
201604,天元涉外景园,长沙,48,48, 91 ㎡,天元涉外景园,28.2027066349,112.908699353,"【8图】地铁口,户型周正。，长沙岳麓汽车西站天元涉外景园新房出售 - 长沙赶集网"
201604,长沙港,长沙,500,500, 120 ㎡,红霞开发区,28.370188,112.871384,【图】转让重建地重建房，长沙开福开福周边长沙港新房出售 - 长沙赶集网
201604,卓越蔚蓝城邦,长沙,70,70, 130 ㎡,韶山南路与时代阳光大道交汇处西南角（汽车南站东...,28.1464443621,113.020200715,【5图】卓越蔚蓝城邦 汽车南站 学位房，长沙雨花雨花周边卓越蔚蓝城邦新房出售 - 长沙赶集网
201604,天麓尚层,长沙,36.0,36.0, 75㎡,汽车西站人人乐以北,28.2472489145,112.894261068,"【4图】汽车西站天麓尚层精品户型,首付两万,买房送车位，长沙岳麓咸嘉新村天麓尚层新房出售 - 长沙赶集网"
201604,时代倾城,长沙,46.5,46.5, 85㎡,金星北路与银星路交汇处,28.282202393445,112.93262221639,【4图】地铁口 精装修 首付只要一成 只要您想买 百分百砍价到底，长沙岳麓桐梓坡时代倾城新房出售 - 长沙赶集网
201604,汇城尚东项目,长沙,面议,面议, 120㎡,远大路668号,28.198766600919,112.99609238487,【6图】万家丽买房就买现房，独栋住宅【汇城尚东】，双地铁口！，长沙芙蓉其他汇城尚东项目新房出售 - 长沙赶集网
201604,汇城尚东项目,长沙,面议,面议, 120㎡,远大路668号,28.198766600919,112.99609238487,【4图】万家丽马王堆新环境百盘联动专业代理长沙大部分新房楼盘！！！，长沙芙蓉其他汇城尚东项目新房出售 - 长沙赶集网
201604,欧莱雅郡,长沙,52.0,52.0, 122㎡,时代阳光大道仙桃路68号,28.099736,113.034923,【美丽的风景 欧莱雅郡 你们有木有心动】，长沙雨花欧莱雅郡新房出售 -  长沙赶集网
201604,长沙恒大城,长沙,40.0,40.0, 90㎡,雨花万家丽路与时代阳光大道交汇处,28.101907910736,113.04837229488,【4图】城南时代 卓越蔚蓝城邦 买两房送一房 在送长郡学位，长沙雨花汽车南站长沙恒大城新房出售 - 长沙赶集网
201604,麓山枫情,长沙,44.1,44.1, 64.04㎡,岳麓区望城坡片区南园路与玉兰路交汇处,28.208061,112.917766,【9图】汽车西站西铁口麓山枫情 精致板式小户型 零分摊 大赠送，长沙岳麓汽车西站麓山枫情新房出售 - 长沙赶集网
201604,长沙恒大城,长沙,80.0,80.0, 120㎡,雨花万家丽路与时代阳光大道交汇处,28.101907910736,113.04837229488,【3图】五江天街 富春山 首付2万买精装四房 双地铁口 学位房，长沙雨花井湾子长沙恒大城新房出售 - 长沙赶集网
201604,时代倾城,长沙,46.5,46.5, 85㎡,金星北路与银星路交汇处,28.282202393445,112.93262221639,【4图】市府核心区 时代倾城 精装小三房 跟毛坯说NO，长沙岳麓雷锋大道时代倾城新房出售 - 长沙赶集网
201604,新城国际花都,长沙,60.6,60.6, 132.37㎡,雷锋大道与银星路交汇处,28.216389815955,112.90752256659,【9图】河西雷锋大道 新城国际花都 大三房精装修只要60.6万，长沙岳麓麓谷新城国际花都新房出售 - 长沙赶集网
201604,珠江郦城,长沙,59.6,59.6, 75㎡,芙蓉北路与福元西路交汇处东南角,28.2602190564,113.024729972,【7图】【免佣免税】开福区 双地铁口 近市中心 学位房 精装首选，长沙开福三一大道珠江郦城新房出售 - 长沙赶集网
201604,美利新世界,长沙,44.8,44.8, 83㎡,综合农场果林分场,28.258058,113.027651,【12图】开福区，四方坪，五矿、悦湖山、美利新世界、现房，5400一平，长沙开福其他美利新世界新房出售 - 长沙赶集网
201604,山语城,长沙,33.0,33.0, 74㎡,紧邻金霞大道和北二环,28.293433,112.975893,【10图】地铁口公园楼，投资少回报高的性价好房!!!，长沙开福开福周边山语城新房出售 - 长沙赶集网
201604,中国铁建山语城,长沙,51.0,51.0, 116㎡,芙蓉北路与秀峰路交汇处(秀峰路69号),28.2934513285,112.975927728,【10图】热销新房，地铁口+公园，全优的生活配套，环境绝佳优美，长沙开福湘江世纪城中国铁建山语城新房出售 - 长沙赶集网
201604,天麓尚层,长沙,50.0,50.0, 108㎡,雷锋大道,28.2472489145,112.894261068,【4图】首付1万 分期2年、车位3万、学区房、轻轨口、均价4688元，长沙岳麓汽车西站天麓尚层新房出售 - 长沙赶集网
201604,卓越蔚蓝城邦,长沙,72,72, 130 ㎡,韶山南路与时代阳光大道交汇处西南角（汽车南站东...,28.1464443621,113.020200715,【5图】新房毛胚 高档小区 卓越品质 环境绝佳卓越蔚蓝城邦，长沙雨花雨花周边卓越蔚蓝城邦新房出售 - 长沙赶集网
201604,洋湖STYLE,长沙,50.0,50.0, 104㎡,河西岳麓区含浦,28.2027066349,112.908699353,【5图】洋湖公园唯一现房 唯一五千以下的价格仅此一栋 速电选个好楼层，长沙岳麓含浦洋湖STYLE新房出售 - 长沙赶集网
201604,洋湖STYLE,长沙,45.0,45.0, 94㎡,河西岳麓区含浦,28.2027066349,112.908699353,【6图】洋湖公园唯一现房 唯一五千以下的价格仅此一栋 速电选个好楼层，长沙岳麓含浦洋湖STYLE新房出售 - 长沙赶集网
201604,新城国际花都,长沙,34.2,34.2, 93 ㎡,金地自在城天麓尚层恒大名都,28.216389815955,112.90752256659,【4图】新城国际花都 超大赠送、黄金楼层 稀缺户型 经典之作，长沙岳麓汽车西站新城国际花都新房出售 - 长沙赶集网
201604,卓越蔚蓝城邦,长沙,37.0,37.0, 77㎡,韶山南路与时代阳光大道交汇处西南角（汽车南站东...,28.1464443621,113.020200715,【5图】你好！如果你还在犹豫的话！我觉得你应该拿起你的电话马上拨打，长沙雨花雨花周边卓越蔚蓝城邦新房出售 - 长沙赶集网
201604,时代倾城,长沙,64.0,64.0, 115㎡,金星北路与银星路交汇处,28.282202393445,112.93262221639,【4图】免契税，地铁口，精装修，花园式湖景美宅，首付一成，长沙岳麓金星大道时代倾城新房出售 - 长沙赶集网
201604,中国铁建山语城,长沙,49,49, 95 ㎡,芙蓉北路与秀峰路交汇处(秀峰路69号),28.2934513285,112.975927728,"【中国铁建山语城2室2厅1卫,新毛坯房出售!】，长沙开福湘江世纪城中国铁建山语城新房出售 - 长沙赶集网"
201604,卓越蔚蓝城邦,长沙,38.0,38.0, 83㎡,韶山南路与时代阳光大道交汇处西南角（汽车南站东...,28.1464443621,113.020200715,【7图】机会只有一次！！！不看这套房子绝对后悔！！，长沙雨花雨花周边卓越蔚蓝城邦新房出售 - 长沙赶集网
201604,新地东方明珠,长沙,44.0,44.0, 112㎡,岳麓金星大道209号（湖南师大继续教育学...,28.282820848023,112.93110898227,"【3图】市府北东方明珠山体公园旁,精装毛胚任选。地铁口,师大附中，长沙岳麓雷锋大道新地东方明珠新房出售 - 长沙赶集网"
201604,宏聚地中海,长沙,40,40, 64 ㎡,时代阳光大道459号,28.102600000852,113.05124489623,"【6图】宏聚地中海 南城“”复式楼现房,地铁口升值空，长沙雨花韶山南路宏聚地中海新房出售 - 长沙赶集网"
201604,悦湖山,长沙,62.0,62.0, 136㎡,福元中路长沙大学北门以东300米,28.259127,113.044632,【7图】超大赠送面积，四房享受，两房价格，免税免佣，楼层任选现房热销，长沙开福四方坪悦湖山新房出售 - 长沙赶集网
201604,美利新世界,长沙,62.8,62.8, 121㎡,长沙大学旁,28.258058,113.027651,【6图】楼层任选，四方坪版块最低价，现房免佣，南北通透，接受货补按揭，长沙开福四方坪美利新世界新房出售 - 长沙赶集网
201604,金地三千府,长沙,135.0,135.0, 160㎡,雷峰大道龙湖高尔夫北面,28.216389815955,112.90752256659,【5图】金地别墅新品“云墅”首发、花园车位全赠送、星城最美山湖墅，长沙岳麓麓谷金地三千府新房出售 - 长沙赶集网
201604,新城国际花都,长沙,27.0,27.0, 73㎡,雷锋大道与银星路交汇处,28.216389815955,112.90752256659,【4图】27万买两房、0公摊湖景房、首付8万、月供千元、放心房，长沙岳麓麓谷新城国际花都新房出售 - 长沙赶集网
201604,新城国际花都,长沙,27.0,27.0, 73㎡,雷锋大道与银星路交汇处,28.216389815955,112.90752256659,【5图】27万买两房、首付8万、月供千元、不加特技、详情电询！，长沙岳麓麓谷新城国际花都新房出售 - 长沙赶集网
201604,时代倾城,长沙,35.0,35.0, 68㎡,(市府北)金星北路与银星路交汇处,28.282202393445,112.93262221639,【8图】神马都是浮云 低价才是王道 轻轨口旁 带师大双学位 首付一成，长沙其他时代倾城新房出售 - 长沙赶集网
201604,三一街区,长沙,49.0,49.0, 88㎡,长沙经济开发区潇湘西路与湘龙路交汇处西南角,28.261620491348,113.07529199575,【8图】万家丽北路 三一街区 特里路西 就此香寓，长沙星沙经济开发区三一街区新房出售 - 长沙赶集网
201604,天元涉外景园,长沙,46.0,46.0, 94㎡,涉外经济学院北门,28.2027066349,112.908699353,【3图】梅溪湖现房4368起 师大附中 岳麓二小 黄金地段学区，长沙岳麓天元涉外景园新房出售 - 长沙赶集网
201604,卓越蔚蓝城邦,长沙,41.0,41.0, 82㎡,韶山南路与时代阳光大道交汇处西南角（汽车南站东...,28.1464443621,113.020200715,【4图】卓越蔚蓝城邦，雨花区央企大盘 首付五万起 单价4850起！！，长沙雨花雨花周边卓越蔚蓝城邦新房出售 - 长沙赶集网
201604,时代倾城,长沙,56.5,56.5, 102㎡,金星北路与银星路交汇处,28.282202393445,112.93262221639,【4图】千亩大盘 地铁口首付两万的楼盘 精装修拎包入住的楼盘，长沙岳麓桐梓坡时代倾城新房出售 - 长沙赶集网
201604,悦湖山,长沙,55.5,55.5, 89㎡,福元中路长沙大学北门以东300米,28.259127,113.044632,【5图】一线江景! 地铁物业！投资居家首选！环境优美绝佳 即买即住！，长沙开福四方坪悦湖山新房出售 - 长沙赶集网
201604,五一广场中央领域,长沙,64.0,64.0, 40㎡,中央领域,28.2020161534,112.982962359,【5图】五一钻界0首付0月供 40-70平酒店公寓，长沙芙蓉五一大道五一广场中央领域新房出售 - 长沙赶集网
201604,城南时代,长沙,41.4,41.4, 90㎡,时代阳光大道,28.1464443621,113.020200715,【4图】五江天街 恒大城 买房送长郡学位 让您的孩子赢在起点，长沙雨花雨花区政府城南时代新房出售 - 长沙赶集网
201604,芒果天地,长沙,26.5,26.5, 38㎡,车站南路171号,28.171312,113.016282,【6图】市中心 高端公寓 投资首选 新环境独家代理 最优惠，长沙雨花东塘芒果天地新房出售 - 长沙赶集网
201604,中海国际社区,长沙,53.0,53.0, 86㎡,靳江路与学士联络线交,28.14671,112.928736,【7图】中海国际 全新精装 免中介费 免费带看 专车接送 随时看房，长沙岳麓岳麓中海国际社区新房出售 - 长沙赶集网
201604,珠江郦城,长沙,210.0,210.0, 200㎡,芙蓉北路与福元西路交汇处东南角,28.2602190564,113.024729972,【20图】免中介费【由新环境带过去.可享受团购折中折】【选璞墅选人生】，长沙开福三一大道珠江郦城新房出售 - 长沙赶集网
201604,塞纳公馆,长沙,47.0,47.0, 117.60㎡,芙蓉北路旁,28.268101,112.986396,【9图】塞纳公馆 送北雅学位 免中介费 皇家团购3988起，长沙开福湘江世纪城塞纳公馆新房出售 - 长沙赶集网
201604,中建芙蓉嘉苑,长沙,75.8,75.8, 120㎡,芙蓉南路与披塘路交汇处,28.087817,112.996499,【5图】芙蓉南路，正地铁口 学区房 团购价 0契税 首付一成 机不可，长沙天心芙蓉南路中建芙蓉嘉苑新房出售 - 长沙赶集网
201604,欧莱雅郡,长沙,47.0,47.0, 90㎡,时代阳光大道（省质监局旁）,28.099736,113.034923,【5图】法式风情0公摊 南北通透双阳台 地铁口汽车南站，长沙雨花汽车南站欧莱雅郡新房出售 - 长沙赶集网
201604,珠江郦城,长沙,83.0,83.0, 117㎡,芙蓉北路与福元西路交汇处东南角,28.2602190564,113.024729972,【12图】新房团购大优惠 交8千抵5万在加2万购物卡 首付一成 免佣金，长沙开福三一大道珠江郦城新房出售 - 长沙赶集网
201604,中粮自然天城,长沙,36.0,36.0, 85㎡,中粮自然天成天麓尚层,28.2027066349,112.908699353,【4图】世界五百强，责任央企，准现房！中粮内部员工特价房！，长沙岳麓湖南商学院中粮自然天城新房出售 - 长沙赶集网
201604,卓越蔚蓝城邦,长沙,59.0,59.0, 129㎡,汽车南站和时代阳光大道交汇处东南角，欧莱雅郡，...,28.1464443621,113.020200715,【7图】这房真没有什么优势，但就是很多人想买，这是为什么呢？三面通风，长沙雨花汽车南站卓越蔚蓝城邦新房出售 - 长沙赶集网
201604,鑫天御景湾,长沙,65.5,65.5, 129㎡,雨花大唐路176号（华堂路与圭星路交汇处、圭塘...,28.127670726412,113.04243359715,【5图】圭塘河风光带绝版房源，长沙雨花圭塘鑫天御景湾新房出售 - 长沙赶集网
201604,天麓尚层,长沙,38.0,38.0, 75㎡,雷锋大道,28.2472489145,112.894261068,【6图】天麓尚层 首付一成 带名校指标 轻轨旁 生活便利 升值空间，长沙岳麓汽车西站天麓尚层新房出售 - 长沙赶集网
201604,天麓尚层,长沙,37.0,37.0, 75㎡,雷锋大道与尖山路交汇,28.2472489145,112.894261068,【5图】温馨三口之家75平方美宅 首付5万 天麓尚层 买房不后悔，长沙岳麓麓谷天麓尚层新房出售 - 长沙赶集网
201604,通用时代国际社区,长沙,223.0,223.0, 235㎡,天心芙蓉中路与赤岭路交汇处（长沙理工大学正对面...,28.157746,112.985246,【4图】长沙理工大学通用时代国际 楼王位置 免中介费 享团购价，长沙芙蓉赤岭路通用时代国际社区新房出售 - 长沙赶集网
201604,中建芙蓉嘉苑,长沙,63.0,63.0, 94㎡,芙蓉南路与披塘路交汇处,28.087817,112.996499,【9图】南城销售冠军，只要你来给你最低价，长沙天心芙蓉南路中建芙蓉嘉苑新房出售 - 长沙赶集网
201604,尚都花园城,长沙,51.0,51.0, 104㎡,向阳路与东升路交汇处,28.233842,113.084805,【12图】城市中央、商业中心、国家化小区、升值+居家+购房优惠+学位，长沙星沙星沙片区尚都花园城新房出售 - 长沙赶集网
201604,湘江世纪城,长沙,48.8,48.8, 83㎡,政府西侧,28.265932,112.984532,【5图】在长沙夏天不开空调能住吗 能 万国城年底钜惠 冬暖夏凉，长沙开福湘江世纪城湘江世纪城新房出售 - 长沙赶集网
201604,世茂铂翠湾,长沙,90.0,90.0, 122㎡,银盆岭大桥旁,28.225087234375,112.9567905318,【5图】地铁口 城际轻轨 奥克斯 渔人码头 麓山国际学校 银盆岭大桥，长沙岳麓世茂铂翠湾新房出售 - 长沙赶集网
201604,新城国际花都,长沙,29.8,29.8, 83.99㎡,雷锋大道与银星路交汇处,28.216389815955,112.90752256659,【6图】长沙汽车西站新城国际花都 安在公园里的家，长沙岳麓麓谷新城国际花都新房出售 - 长沙赶集网
201604,珠江郦城,长沙,59.6,59.6, 75㎡,芙蓉北路与福元西路交汇处东南角,28.2602190564,113.024729972,【6图】【免佣免税】开福区 双地铁口 近市中心 学位房 精装首选，长沙开福三一大道珠江郦城新房出售 - 长沙赶集网
201604,金地三千府,长沙,110.0,110.0, 143㎡,雷峰大道龙湖高尔夫北面,28.216389815955,112.90752256659,【4图】金地别墅新品“云墅”首发、花园车位全赠送、星城最美山湖墅，长沙岳麓麓谷金地三千府新房出售 - 长沙赶集网
201604,长沙恒大城世纪桃花苑,长沙,32.0,32.0, 104㎡,世纪桃花苑欧莱雅郡旁,28.1021023624,113.040675793,【4图】卓越蔚蓝城邦 富春山 3080就可以在长沙买个家 还有地铁哦，长沙雨花井湾子长沙恒大城世纪桃花苑新房出售 - 长沙赶集网
201604,时代倾城,长沙,48.0,48.0, 85㎡,金星北路与银星路交汇处,28.282202393445,112.93262221639,【6图】我们的时代，倾城的你，4万平私家内湖，出门地铁口，长沙岳麓金星大道时代倾城新房出售 - 长沙赶集网
201604,芒果天地,长沙,26.0,26.0, 38㎡,车站南路171号,28.171312,113.016282,"【6图】首付八万就可以在市中心有个家,坐享都市繁华家的温馨，长沙雨花东塘芒果天地新房出售 - 长沙赶集网"
201604,海洋半岛明珠,长沙,49.9,49.9, 95㎡,四方坪胜利村,28.23483637309,113.02452375556,【5图】【独家特惠】 集精装+学位+地铁+公园+商业 团购免佣，长沙开福其他海洋半岛明珠新房出售 - 长沙赶集网
